MARKET,SERIES,SYMBOL,SECURITY,PREV_CL_PR,OPEN_PRICE,HIGH_PRICE,LOW_PRICE,CLOSE_PRICE,NET_TRDVAL,NET_TRDQTY,CORP_IND,HI_52_WK,LO_52_WK
N,SM,AMJUMBO,A AND M JUMBO BAGS LTD,         7.80,         8.00,         8.00,         8.00,         8.00,                    64000.00,8000, ,         8.20,         6.80
N,SM,AGUL,A G UNIVERSAL LIMITED,        64.80,        61.60,        61.60,        61.60,        61.60,                   369600.00,6000, ,        70.50,        37.30
N,SM,AAKAAR,AAKAAR MEDICAL TECHNO LTD,        79.50,        76.95,        76.95,        72.30,        74.80,                   358960.00,4800, ,       105.00,        62.00
N,ST,AARADHYA,AARADHYA DISPOSAL INDUS L,       130.15,       136.00,       136.00,       136.00,       136.00,                   163200.00,1200, ,       182.00,        97.50
N,SM,AATMAJ,AATMAJ HEALTHCARE LIMITED,        22.45,        22.30,        24.80,        22.00,        24.55,                  1842800.00,78000, ,        27.00,        14.50
N,SM,ABHAPOWER,ABHA POWER N STEEL LTD,        33.00,        35.50,        35.50,        34.95,        34.95,                   112720.00,3200, ,        60.90,        26.45
N,SM,AILIMITED,ABHISHEK INTEGRATIONS LTD,        41.00,        40.00,        40.00,        40.00,        40.00,                    60000.00,1500, ,        90.90,        36.70
N,SM,ABSMARINE,ABS MARINE SERVICES LTD,       202.05,       205.50,       205.50,       197.00,       198.10,                  7598900.00,38000, ,       259.00,        92.10
N,SM,ACCENTMIC,ACCENT MICROCELL LIMITED,       344.65,       344.65,       348.65,       340.00,       344.50,                  5354800.00,15500, ,       362.00,       180.00
N,ST,ACCPL,ACCRETION PHARMA LIMITED,        90.85,        90.00,        90.85,        89.00,        90.00,                  1182420.00,13200, ,       102.50,        53.80
N,SM,ADDICTIVE,ADDICTIVE LEARNING TECH L,       110.05,       110.05,       110.05,       108.50,       108.50,                   218550.00,2000, ,       391.00,       104.20
N,SM,AUSL,ADITYA ULTRA STEEL LTD,        27.00,        26.05,        26.10,        25.65,        25.85,                   518500.00,20000, ,        54.50,        23.65
N,SM,AERON,AERON COMPOSITE LIMITED,        99.00,        96.00,        96.00,        96.00,        96.00,                    96000.00,1000, ,       202.20,        89.05
N,SM,AESTHETIK,AESTHETIK ENGINEERS LTD,       103.00,        97.00,        97.00,        95.00,        95.00,                   289000.00,3000, ,       155.60,        60.00
N,SM,AGARWALFT,AGARWAL FLOAT GLASS I LTD,        40.50,        40.05,        40.05,        40.05,        40.05,                    60075.00,1500, ,        73.00,        38.00
N,SM,AGARWALTUF,AGARWAL TOUGH GLASS IND L,       126.05,       126.00,       126.00,       123.00,       125.80,                  1953360.00,15600, ,       174.05,        81.00
N,SM,AGNI,AGNI GREEN POWER LTD,        23.30,        23.30,        25.30,        23.30,        24.95,                   367125.00,15000, ,        48.25,        17.90
N,ST,AIMTRON,AIMTRON ELECTRONICS LTD,       803.55,       803.50,       815.05,       794.00,       796.75,                 10748070.00,13400, ,      1040.00,       358.00
N,SM,AKANKSHA,AKANKSHA POWER N INFRA L,        72.15,        72.85,        72.85,        70.00,        70.10,                  1071750.00,15000, ,       168.85,        70.00
N,ST,AKIKO,AKIKO GLOBAL SERVICES L,       261.75,       260.00,       260.00,       259.50,       259.50,                   623200.00,2400, ,       299.30,        62.00
N,SM,ALCODIS,ALCOKRAFT DISTILLERIE LTD,       104.00,       105.50,       108.00,       105.50,       108.00,                   133437.50,1250, ,       265.00,       101.15
N,SM,ALLETEC,ALL E TECHNOLOGIES LTD,       214.20,       218.50,       218.50,       215.05,       215.05,                  1905220.00,8800, ,       592.00,       213.05
N,SM,ALPEXSOLAR,ALPEX SOLAR LIMITED,       848.70,       845.00,       845.00,       800.00,       805.45,                 89743775.00,109800, ,      1449.70,       495.00
N,SM,ALUWIND,ALUWIND INFRA-TECH LTD,        73.05,        70.00,        72.00,        69.75,        72.00,                  1709475.00,24000, ,        95.80,        48.00
N,SM,AMBEY,AMBEY LABORATORIES LTD,        39.20,        39.20,        39.20,        39.20,        39.20,                    78400.00,2000, ,        71.80,        31.05
N,SM,AMIABLE,AMIABLE LOGISTICS (I) LTD,        63.75,        56.05,        71.55,        56.05,        70.50,                   856160.00,12800, ,       110.00,        54.00
N,ST,AMCL,ANB METAL CAST LIMITED,       349.35,       347.50,       355.50,       340.05,       351.40,                  3337800.00,9600, ,       369.25,       161.70
N,SM,AISL,ANI INTEGRATED SERV LTD.,        84.40,        80.25,        80.25,        80.25,        80.25,                    48150.00,600, ,       189.90,        77.00
N,SM,ANLON,ANLON TECHNOLOGY SOL LTD,       413.00,       410.00,       410.00,       403.00,       404.00,                  1463540.00,3600, ,       497.00,       239.00
N,SM,ANNAPURNA,ANNAPURNA SWADISHT LTD,       225.00,       227.00,       227.00,       219.50,       220.00,                 26649912.50,120000, ,       441.00,       208.00
G,ST,ANONDITA,ANONDITA MEDICARE LIMITED,       705.90,       691.80,       720.00,       691.80,       720.00,                  8391600.00,12000, ,       741.85,       261.75
N,SM,ANYA,ANYA POLYTECH & FERTI LTD,        21.25,        21.45,        22.00,        21.30,        21.40,                   862750.00,40000, ,        29.05,        16.20
N,SM,APEXECO,APEX ECOTECH LIMITED,       131.50,       131.60,       133.00,       131.50,       131.90,                   952680.00,7200, ,       169.00,        73.00
N,SM,APRAMEYA,APRAMEYA ENGINEERING LTD,       320.35,       325.00,       327.00,       314.00,       324.20,                  4831850.00,15000, ,       360.00,        86.50
N,SM,ARABIAN,ARABIAN PETROLEUM LIMITED,        73.90,        74.95,        74.95,        74.95,        74.95,                   149900.00,2000, ,        92.95,        63.00
N,SM,ARCIIL,ARC INSULATION & INSU LTD,        73.50,        70.00,        70.00,        70.00,        70.00,                   140000.00,2000, ,       145.00,        65.10
N,ST,ARHAM,ARHAM TECHNOLOGIES LTD,       142.90,       143.90,       144.80,       136.10,       142.20,                  8931650.00,63000, ,       161.00,        70.80
N,SM,ARISTO,ARISTO BIO T AND LIFESC L,       120.75,       126.00,       126.00,       117.20,       125.90,                   988080.00,8000, ,       152.90,        84.55
N,SM,ARUNAYA,ARUNAYA ORGANICS LIMITED,        17.70,        17.60,        17.70,        17.50,        17.55,                   600500.00,34000, ,        46.50,        17.50
N,SM,ARVINDPORT,ARVIND PORT AND INFRA LTD,        44.35,        42.75,        42.95,        42.15,        42.15,                  2224875.00,52500, ,        99.70,        41.25
N,ST,ASCOM,ASCOM LEASIN & INVEST LTD,       117.00,       119.50,       119.50,       118.00,       119.00,                  1122750.00,9500, ,       134.25,        76.55
N,SM,ASHALOG,ASHAPURA LOGISTICS LTD,        68.00,        69.40,        69.40,        69.40,        69.40,                    69400.00,1000, ,       102.95,        60.00
G,ST,ASLIND,ASL INDUSTRIES LIMITED,       107.55,       109.70,       109.70,       109.70,       109.70,                   219400.00,2000, ,       109.70,        29.00
N,SM,ASPIRE,ASPIRE & INNOVATIVE ADV L,        19.30,        19.00,        19.00,        19.00,        19.00,                    76000.00,4000, ,        47.45,        16.30
N,SM,ATCENERGY,ATC ENERGIES SYSTEM LTD,        38.55,        38.75,        38.75,        38.05,        38.05,                   509520.00,13200, ,       115.35,        37.25
N,SM,ATMASTCO,ATMASTCO LIMITED,       140.95,       141.00,       143.50,       138.00,       141.35,                  5956760.00,42400, ,       300.80,       138.00
N,SM,AUROIMPEX,AURO IMPEX & CHEMICALS L,        39.00,        40.00,        41.00,        39.20,        41.00,                   255120.00,6400, ,        89.10,        35.75
N,SM,APS,AUSTRALIAN PREM SOLAR I L,       375.85,       378.60,       381.50,       375.30,       375.60,                  5097800.00,13500, ,       654.00,       345.00
N,SM,AVIANSH,AVI ANSH TEXTILE LIMITED,       115.90,       116.00,       116.50,       115.00,       115.50,                   694000.00,6000, ,       122.00,        93.80
N,SM,AVPINFRA,AVP INFRACON LIMITED,       123.35,       123.00,       125.95,       120.00,       120.50,                  4978960.00,40800, ,       264.30,       118.45
N,SM,BAGDIGITAL,B.A.G.CONVERGENCE LIMITED,       121.25,       121.25,       123.50,       121.25,       123.50,                  1771200.00,14400, ,       137.00,        95.75
N,SM,BABAFP,BABA FOOD PROCESSING,        31.70,        31.70,        31.70,        31.70,        31.70,                    50720.00,1600, ,        63.50,        29.55
N,SM,BAHETI,BAHETI RECYCLING IND LTD,       629.55,       640.00,       640.00,       620.05,       623.40,                 18702018.75,29625, ,       649.90,       328.10
N,SM,BALAJIPHOS,BALAJI PHOSPHATES LIMITED,       145.00,       145.00,       145.40,       144.10,       145.00,                  1449250.00,10000, ,       184.70,        72.60
N,SM,BARFLEX,BARFLEX POLYFILMS LIMITED,        76.00,        76.30,        76.30,        76.00,        76.00,                   304600.00,4000, ,        82.40,        41.15
N,SM,BASILIC,BASILIC FLY STUDIO LTD,       319.40,       325.00,       329.45,       316.80,       317.65,                  5187915.00,16200, ,       509.80,       223.15
N,SM,BAWEJA,BAWEJA STUDIOS LIMITED,        38.00,        38.00,        39.05,        38.00,        39.05,                    61640.00,1600, ,        79.00,        37.60
N,ST,BEACON,BEACON TRUSTEESHIP LTD,        89.70,        91.70,        91.70,        85.70,        89.50,                   446300.00,5000, ,       105.45,        50.00
N,SM,BEWLTD,BEW ENGINEERING LIMITED,       124.70,       122.00,       122.60,       122.00,       122.60,                   305300.00,2500, ,       295.00,       110.40
N,SM,BHADORA,BHADORA INDUSTRIES LTD,        82.00,        78.00,        78.00,        78.00,        78.00,                    93600.00,1200, ,       128.85,        71.05
N,SM,BLUEPEBBLE,BLUE PEBBLE LIMITED,       121.05,       116.00,       125.90,       116.00,       116.00,                  1943420.00,16000, ,       370.85,        88.00
N,SM,BLUEWATER,BLUE WATER LOGISTICS LTD,       143.00,       145.00,       145.00,       145.00,       145.00,                  1595000.00,11000, ,       187.20,       125.40
N,SM,BMETRICS,BOMBAY METRICS S C LTD,        42.00,        42.00,        45.00,        42.00,        44.50,                  1106680.00,24800, ,        63.20,        38.10
N,SM,BOSS,BOSS PACKAGING SOLU LTD,        43.20,        42.90,        43.05,        42.90,        43.05,                   171900.00,4000, ,        56.30,        36.55
N,SM,BRACEPORT,BRACE PORT LOGISTICS LTD,        85.00,        82.00,        82.50,        80.70,        82.00,                   652640.00,8000, ,       111.00,        69.00
N,SM,BULKCORP,BULKCORP INTERNATIONAL L,        58.00,        57.35,        57.35,        55.10,        55.10,                   201120.00,3600, ,       119.85,        50.55
N,SM,CPS,C P S SHAPERS LIMITED,       991.90,      1041.45,      1041.45,      1041.00,      1041.45,                  7810807.50,7500, ,      1095.00,       412.00
N,SM,C2C,C2C ADVANCED SYSTEMS LTD,       469.25,       468.00,       476.80,       455.50,       464.80,                 18620175.00,40200, ,       954.00,       250.15
N,SM,CADSYS,CADSYS (INDIA) LIMITED,        40.40,        41.80,        42.35,        40.50,        40.90,                   306875.00,7500, ,       127.90,        35.60
N,SM,CANARYS,CANARYS AUTOMATIONS LTD,        31.30,        31.30,        31.30,        30.35,        30.55,                   741200.00,24000, ,        46.40,        23.50
N,SM,CUDML,CASH UR DRIVE MARKETING L,       143.20,       143.00,       143.00,       140.45,       143.00,                  1994200.00,14000, ,       166.50,       130.00
N,SM,CEDAAR,CEDAAR TEXTILE LIMITED,        93.10,        94.00,        95.00,        88.95,        90.85,                 19989450.00,218000, ,       136.30,        60.00
N,SM,CELLPOINT,CELL POINT (INDIA) LTD,        16.75,        17.50,        17.50,        16.15,        16.65,                   220440.00,13200, ,        28.60,        15.60
N,SM,CELLECOR,CELLECOR GADGETS LIMITED,        30.50,        31.25,        31.25,        29.75,        29.95,                  6591000.00,219000, ,        81.50,        25.75
N,SM,CMNL,CHAMAN METALLICS LIMITED,       123.10,       123.00,       123.00,       117.00,       117.40,                  1446562.50,12000, ,       183.90,       114.75
N,SM,CHAMUNDA,CHAMUNDA ELECTRICAL LTD,        51.10,        51.90,        53.90,        51.90,        53.00,                   790500.00,15000, ,        71.00,        36.10
N,SM,CHANDAN,CHANDAN HEALTHCARE LTD,       291.15,       291.15,       291.15,       280.00,       283.95,                 16405200.00,57600, ,       358.00,       140.00
N,SM,CHAVDA,CHAVDA INFRA LIMITED,       120.30,       120.30,       120.30,       111.00,       112.30,                  3779700.00,33000, ,       186.00,        82.10
N,SM,CLASSICEIL,CLASSIC ELECTRODE (IND) L,        70.10,        72.00,        72.00,        68.55,        68.55,                   891440.00,12800, ,       113.90,        66.00
N,ST,CSSL,CLEAR SECURED SERVICES L,       110.20,       110.05,       115.70,       108.90,       115.70,                 12467650.00,109000, ,       119.00,        96.75
N,ST,COMMITTED,COMMITTED CARGO CARE LTD,       216.85,       216.85,       216.85,       216.85,       216.85,                   173480.00,800, ,       274.05,        88.90
N,SM,CONNPLEX,CONNPLEX CINEMAS LIMITED,       254.35,       252.00,       252.00,       237.00,       239.30,                 17265480.00,71200, ,       270.00,       177.00
N,SM,CONTI,CONTINENTAL SEED CHEM LTD,        22.80,        21.90,        23.45,        21.80,        23.45,                   296470.35,13332, ,        41.60,        19.30
N,SM,COOLCAPS,COOL CAPS INDUSTRIES LTD,        74.45,        74.45,        76.80,        71.80,        76.40,                  8692750.00,116250, ,       931.00,        67.25
N,SM,CGRAPHICS,CREATIVE GRAPHICS S IND L,       199.95,       200.00,       200.00,       195.60,       196.00,                  2048760.00,10400, ,       259.00,       134.40
N,SM,CLSL,CROP LIFE SCIENCE LIMITED,        46.00,        46.00,        46.00,        45.00,        45.00,                   452200.00,10000, ,        62.80,        42.25
N,SM,CURIS,CURIS LIFESCIENCES LTD,       115.55,       116.00,       124.95,       115.00,       119.00,                  3467200.00,29000, ,       147.90,       107.00
N,SM,CMRSL,CYBER MEDIA RES & SER LTD,        71.25,        67.70,        68.00,        67.70,        67.85,                   325240.00,4800, ,       118.00,        64.00
N,SM,DANISH,DANISH POWER LIMITED,       647.25,       654.00,       661.00,       652.00,       656.00,                  9358342.50,14250, ,      1316.00,       599.95
N,SM,DCCL,DAR CREDIT & CAPITAL LTD,        45.35,        45.05,        45.05,        44.20,        44.45,                   536700.00,12000, ,        66.00,        44.00
N,SM,DCG,DCG CABLES & WIRES LTD,        64.25,        64.05,        65.40,        64.00,        65.40,                  1079820.00,16800, ,       126.40,        55.00
N,SM,DENEERS,DE NEERS TOOLS LIMITED,       154.85,       149.35,       154.00,       149.35,       152.05,                  1837230.00,12000, ,       374.80,       132.00
N,SM,DECCANTRAN,DECCAN TRANSCON LEASING L,        25.50,        25.60,        25.60,        24.20,        24.80,                   329520.00,13200, ,        67.50,        24.20
N,SM,DEEM,DEEM ROLL TECH LIMITED,        44.55,        47.05,        47.35,        45.60,        45.60,                   279350.00,6000, ,        94.90,        38.35
N,SM,DELAPLEX,DELAPLEX LIMITED,       133.55,       133.55,       134.80,       132.00,       132.50,                   717510.00,5400, ,       248.00,       126.00
N,SM,DELTIC,DELTA AUTOCORP LIMITED,        47.30,        47.00,        47.20,        46.00,        46.85,                   700000.00,15000, ,       183.75,        43.00
N,SM,DESTINY,DESTINY LOGISTICS & I LTD,       127.50,       121.15,       125.50,       121.15,       125.50,                  2745450.00,22500, ,       175.00,        67.80
N,SM,DHANLAXMI,DHANLAXMI CROP SCIENCE L,        26.65,        27.85,        27.85,        26.60,        26.60,                   272700.00,10000, ,       110.00,        25.05
G,ST,DHARIWAL,DHARIWALCORP LIMITED,       324.60,       331.05,       331.05,       331.05,       331.05,                  2184930.00,6600, ,       371.30,        90.50
N,SM,DIGIKORE,DIGIKORE STUDIOS LIMITED,        79.35,        79.50,        80.35,        79.50,        80.35,                  1216740.00,15200, ,       310.50,        64.80
N,ST,DIVINEHIRA,DIVINE HIRA JEWELLERS LTD,       179.55,       181.50,       188.50,       181.30,       181.30,                  4465920.00,24000, ,       192.80,        43.00
N,ST,DPEL,DIVINE POWER ENERGY LTD,       268.10,       268.40,       268.40,       262.35,       263.55,                  2247100.00,8500, ,       305.70,        92.05
N,SM,DIVYADHAN,DIVYADHAN RECYCLING IND L,        28.00,        27.00,        27.00,        27.00,        27.00,                    54000.00,2000, ,        78.90,        27.00
N,ST,DHTL,DOCMODE HEALTH TECH LTD,        62.10,        59.00,        61.80,        59.00,        59.00,                   287680.00,4800, ,       125.20,        36.90
N,SM,DOLLEX,DOLLEX AGROTECH LIMITED,        38.95,        38.00,        39.75,        37.80,        38.75,                   921600.00,24000, ,        44.25,        32.00
N,SM,DRONE,DRONE DESTINATION LIMITED,        66.95,        67.00,        68.00,        66.60,        67.85,                  1754075.00,26000, ,       219.85,        64.55
N,SM,DRSDILIP,DRS DILIP ROADLINES LTD.,        64.80,        64.20,        66.00,        64.20,        64.50,                   416160.00,6400, ,       136.55,        64.20
N,SM,DUCOL,DUCOL ORGS AND COLOURS LT,       160.00,       155.55,       158.10,       155.50,       158.10,                   375320.00,2400, ,       209.50,        93.50
N,SM,DUGLOBAL,DUDIGITAL GLOBAL LIMITED,        32.25,        32.25,        32.25,        31.75,        31.75,                   160000.00,5000, ,        70.00,        28.05
N,SM,DURLAX,DURLAX TOP SURFACE LTD,        40.65,        40.65,        40.65,        40.20,        40.45,                   726200.00,18000, ,        63.55,        32.70
N,SM,DYNAMIC,DYNAMIC SRVCS & SEC LTD,       104.15,       102.95,       103.00,       100.10,       101.05,                  1118925.00,11000, ,       391.80,        85.40
N,ST,EFACTOR,E FACTOR EXPERIENCES LTD,       325.00,       325.00,       325.00,       325.00,       325.00,                   130000.00,400, ,       348.00,       127.50
N,SM,ECOLINE,ECOLINE EXIM LIMITED,       133.85,       135.05,       135.20,       129.50,       130.00,                  2486300.00,19000, ,       143.90,       126.05
N,SM,EFFWA,EFFWA INFRA & RESEARCH L,       241.10,       241.50,       244.95,       230.00,       231.30,                  8248780.00,34800, ,       272.95,       147.55
N,SM,EFORCE,ELECTRO FORCE (INDIA) LTD,        34.30,        34.30,        34.45,        34.30,        34.40,                   123780.00,3600, ,        64.50,        29.20
N,SM,ELGNZ,ELEGANZ INTERIORS LIMITED,        99.90,       100.35,       100.35,        98.00,        98.20,                  1391400.00,14000, ,       163.50,        94.00
N,SM,EMAPARTNER,EMA PARTNERS INDIA LTD,        86.60,        87.10,        87.10,        87.00,        87.00,                   174100.00,2000, ,       158.80,        83.00
N,SM,ETML,EMERALD TYRE MANUF LTD,       106.00,       103.15,       103.15,        98.55,       102.00,                  4726200.00,46800, ,       198.95,        96.10
N,SM,EMKAYTOOLS,EMKAY TAP & CUT. TOOL LTD,       120.70,       120.00,       121.00,       120.00,       120.00,                   108450.00,900, ,       501.90,       119.00
N,ST,ENCOMPAS,ENCOMPASS DESIGN INDIA L,       175.40,       177.00,       184.15,       167.35,       184.15,                 46748760.00,260400, ,       203.30,       167.35
N,SM,EMMIL,ENERGY MISSION MACH IND L,       190.00,       190.05,       191.00,       175.00,       182.20,                  1879362.50,10000, ,       341.00,       162.10
N,SM,ENFUSE,ENFUSE SOLUTIONS LIMITED,       242.00,       211.00,       223.00,       211.00,       223.00,                   654600.00,3000, ,       284.00,       164.00
N,SM,ENSER,ENSER COMMUNICATIONS LTD,        16.80,        17.90,        17.90,        17.90,        17.90,                    89500.00,5000, ,       321.00,        13.35
N,SM,ENVIRO,ENVIROTECH SYSTEMS LTD,       126.00,       121.05,       123.80,       118.20,       120.55,                  1813300.00,15000, ,       173.00,        90.05
N,SM,EEPL,EPPELTONE ENGINEERS LTD,       208.60,       208.60,       208.60,       207.30,       207.70,                  1039400.00,5000, ,       267.90,       160.05
N,SM,ESCONET,ESCONET TECHNOLOGIES LTD,       143.00,       144.00,       146.55,       135.85,       136.20,                  4863220.00,35200, ,       410.00,       135.85
N,SM,ESPRIT,ESPRIT STONES LIMITED,        60.05,        60.00,        60.00,        59.05,        59.05,                   286480.00,4800, ,       159.45,        57.75
N,SM,ESFL,ESSEN SPECIALITY FILMS L,       173.95,       175.00,       175.00,       164.00,       165.65,                 15977484.00,95040, ,       744.85,       164.00
N,SM,FALCONTECH,FALCON TECHNOPROJ IND LTD,        15.20,        15.25,        15.90,        15.20,        15.90,                    93660.00,6000, ,        63.95,        14.85
N,SM,FELIX,FELIX INDUSTRIES LTD.,       152.50,       152.50,       152.60,       148.25,       150.30,                  1585325.00,10500, ,       220.00,       108.00
N,SM,FINBUD,FINBUD FINANCIAL SERV LTD,       132.55,       130.00,       135.00,       126.00,       133.00,                  6383100.00,49000, ,       164.85,       110.00
N,ST,FLYSBS,FLYSBS AVIATION LIMITED,       522.85,       521.05,       523.40,       515.00,       515.25,                 10264490.00,19800, ,       790.00,       427.50
N,ST,FWSTC,FLYWINGS SIMULAT T C LTD,       225.65,       215.00,       236.90,       214.40,       236.90,                151487310.00,691200, ,       236.90,       186.00
N,ST,FONEBOX,FONEBOX RETAIL LIMITED,        95.80,        91.05,        91.05,        91.05,        91.05,                   455250.00,5000, ,       136.00,        68.85
N,SM,FRESHARA,FRESHARA AGRO EXPORTS LTD,       153.65,       156.50,       162.00,       140.55,       144.75,                 76791510.00,510000, ,       221.95,       117.20
N,SM,FROG,FROG INNOVATIONS LIMITED,       159.80,       161.00,       164.95,       159.00,       160.15,                   842300.00,5200, ,       458.00,       150.00
N,SM,GAJANAND,GAJANAND INTERNATIONAL L,        10.50,        10.20,        10.20,        10.20,        10.20,                    30600.00,3000, ,        20.00,         9.65
N,SM,GML,GALAXY MEDICARE LIMITED,        22.25,        22.25,        22.25,        20.70,        20.75,                   379700.00,18000,XD,        54.00,        18.10
N,SM,GGBL,GANESH GREEN BHARAT LTD,       325.55,       325.55,       326.00,       318.00,       318.55,                  8175795.00,25500, ,       635.00,       282.20
N,SM,GANESHIN,GANESH INFRAWORLD LIMITED,       221.65,       222.00,       227.00,       220.95,       224.35,                 38731520.00,172800, ,       279.80,       106.25
N,SM,GRCL,GAYATRI RUBB AND CHEM LTD,       395.00,       395.00,       395.00,       380.00,       380.00,                   193750.00,500, ,       525.25,       315.60
N,SM,GIRIRAJ,GIRIRAJ CIVIL DEVP LTD,       182.40,       191.50,       191.50,       191.50,       191.50,                   143625.00,750, ,       409.00,        96.80
N,SM,GLOBALPET,GLOBAL PET INDUSTRIES LTD,       117.65,       126.50,       126.50,       121.00,       122.00,                   932250.00,7500, ,       159.70,        93.10
N,SM,GICL,GLOBE INTL CARRIERS LTD,        47.60,        47.50,        48.40,        47.00,        47.85,                 22990350.00,480000, ,       179.00,        40.00
N,ST,GSTL,GLOBESECURE TECHNO LTD,        13.95,        14.05,        14.60,        14.05,        14.60,                   520850.00,36000, ,        37.30,         5.95
N,SM,GOYALSALT,GOYAL SALT LIMITED,       159.00,       159.00,       159.00,       158.00,       158.00,                   285600.00,1800, ,       216.00,       142.00
N,SM,GPECO,GP ECO SOLUTIONS INDIA L,       438.65,       439.00,       448.00,       430.00,       440.60,                  7189940.00,16400, ,       616.50,       230.00
N,SM,GCHOTELS,GRAND CONTINENT HOTELS L,       169.05,       158.05,       158.05,       155.25,       156.50,                   940800.00,6000, ,       255.00,       101.90
N,SM,GRAPHISAD,GRAPHISADS LIMITED,        42.80,        43.40,        44.90,        41.15,        44.65,                  6896760.00,157200, ,        66.50,        30.40
N,SM,GREENCHEF,GREENCHEF APPLIANCES LTD,        57.00,        55.30,        56.00,        55.00,        55.05,                   177080.00,3200, ,        90.00,        48.15
N,SM,GREENLEAF,GREENLEAF ENVIROTECH LTD,       171.95,       171.95,       171.95,       166.10,       166.20,                  2194850.00,13000, ,       179.65,       111.00
N,SM,GRETEX,GRETEX INDUSTRIES LTD.,       190.00,       185.00,       199.00,       180.50,       188.70,                  9691950.00,52500, ,       263.40,       180.50
N,SM,GSMFOILS,GSM FOILS LIMITED,       203.50,       203.50,       204.65,       194.00,       199.15,                  4612175.00,23000, ,       255.15,       110.70
N,SM,GURUNANAK,GURUNANAK AGRICULTUR IN L,        35.30,        36.90,        37.05,        36.90,        37.00,                  1124560.00,30400, ,        60.00,        27.00
N,SM,WHITEFORCE,HAPPY SQUARE OUTSOURC S L,        66.00,        69.80,        69.80,        69.80,        69.80,                   111680.00,1600, ,        94.80,        54.85
N,SM,HIGREEN,HI GREEN CARBON LIMITED,       132.30,       132.00,       134.00,       130.00,       131.65,                  2530760.00,19200, ,       340.90,       127.05
N,ST,HOACFOODS,HOAC FOODS INDIA LIMITED,       345.55,       345.00,       359.90,       345.00,       355.00,                  1061925.00,3000, ,       380.00,       112.00
N,SM,HOLMARC,HOLMARC OPTO MECHATRO L,       105.00,       101.50,       106.80,       101.50,       106.80,                   616500.00,6000, ,       197.50,        86.15
N,SM,HOMESFY,HOMESFY REALTY LIMITED,       165.00,       165.00,       165.00,       165.00,       165.00,                    49500.00,300, ,       538.40,       159.75
N,SM,HRHNEXT,HRH NEXT SERVICES LIMITED,        28.20,        27.05,        27.05,        26.80,        26.85,                   242250.00,9000, ,       125.60,        25.30
N,SM,HVAX,HVAX TECHNOLOGIES LIMITED,       859.95,       890.00,       890.00,       890.00,       890.00,                   133500.00,150, ,      1029.30,       544.50
N,SM,IDEALTECHO,IDEAL TECHNOPLAST IND LTD,       202.00,       171.00,       175.00,       171.00,       175.00,                   260500.00,1500, ,       221.00,       116.15
N,SM,IDENTICAL,IDENTICAL BRAINS STUDIO L,        23.80,        23.80,        24.90,        23.80,        24.90,                   194000.00,8000, ,        99.75,        23.05
N,SM,IEML,INDIAN EMULSIFIERS LTD,        92.05,        92.85,        95.90,        91.50,        92.35,                  3812250.00,41000, ,       261.05,        86.00
N,SM,IPHL,INDIAN PHOSPHATE LIMITED,        63.00,        62.60,        62.60,        61.20,        61.40,                   447480.00,7200, ,        83.95,        42.40
N,SM,INFINIUM,INFINIUM PHARMACHEM LTD,       215.50,       218.05,       225.00,       218.05,       222.65,                   773675.00,3500, ,       337.00,       213.90
N,SM,INFLUX,INFLUX HEALTHTECH LIMITED,       220.05,       218.00,       225.95,       215.50,       221.65,                 19966650.00,90000, ,       249.00,       120.00
N,SM,INFOLLION,INFOLLION RESEARCH SER L,       390.00,       390.00,       390.00,       380.00,       380.05,                  2144620.00,5600, ,       575.00,       341.00
N,SM,INNOMET,INNOMET ADVANCED MATERI L,        98.00,        98.00,       101.00,        98.00,       101.00,                   119400.00,1200, ,       216.00,        88.65
N,ST,ITTL,INNOVATIVE TYRE & TUBE LT,       104.05,       102.00,       106.00,       102.00,       102.00,                   355325.25,3465, ,       152.40,        18.60
N,SM,INSPIRE,INSPIRE FILMS LIMITED,        11.00,        11.20,        11.20,        11.00,        11.00,                   110900.00,10000, ,        31.00,        10.80
N,SM,IPSL,INTEGRATED PERSO SER LTD,       280.00,       274.00,       274.00,       274.00,       274.00,                   137000.00,500, ,       398.00,       240.05
N,SM,INM,INTERIORS & MORE LIMITED,       262.95,       250.00,       250.00,       244.00,       250.00,                   746370.00,3000, ,       689.00,       218.05
N,ST,INVICTA,INVICTA DIAGNOSTIC LTD,        86.85,        84.05,        86.50,        82.55,        85.35,                  5913440.00,70400, ,       105.00,        82.55
N,SM,ISHAN,ISHAN INTERNATIONAL LTD,         0.75,         0.75,         0.75,         0.75,         0.75,                    72000.00,96000, ,         2.15,         0.70
N,SM,ITALIANE,ITALIAN EDIBLES LIMITED,        30.40,        30.40,        30.40,        30.40,        30.40,                   182400.00,6000, ,        48.40,        29.20
N,ST,IWARE,IWARE SUPPLYCHAIN SER LTD,       207.15,       213.95,       215.90,       209.70,       215.45,                  3067320.00,14400, ,       243.90,        70.05
N,SM,JAINIK,JAINIK POWER CABLES LTD,       122.50,       122.00,       132.00,       122.00,       129.00,                  2599020.00,20400, ,       153.10,        60.60
N,SM,JALAN,JALAN TRANSOLU. INDIA LTD,         3.15,         3.30,         3.30,         3.30,         3.30,                    39600.00,12000, ,        14.60,         2.50
N,SM,JAYBEE,JAY BEE LAMINATIONS LTD,       123.35,       123.35,       123.35,       121.00,       121.25,                  3604950.00,29500, ,       422.00,       112.00
N,SM,JAYESH,JAYESH LOGISTICS LIMITED,       163.05,       169.90,       174.00,       166.00,       166.00,                 10469250.00,62000, ,       183.00,       106.35
N,ST,JEYYAM,JEYYAM GLOBAL FOODS LTD,        66.00,        68.50,        68.50,        62.70,        63.10,                  4839600.00,76000, ,        74.50,        31.00
N,SM,JFLLIFE,JFL LIFE SCIENCES LIMITED,        11.60,        11.80,        12.15,        11.05,        12.15,                  1920600.00,162000, ,        32.35,        11.00
N,SM,JIWANRAM,JIWANRAM SHEODUTTRA IND L,         6.50,         6.00,         6.00,         6.00,         6.00,                    36000.00,6000, ,        15.95,         5.70
N,SM,JYOTIGLOBL,JYOTI GLOBAL PLAST LTD,        50.00,        50.00,        50.00,        50.00,        50.00,                   200000.00,4000, ,        77.75,        48.00
N,SM,K2INFRA,K2 INFRAGEN LIMITED,        62.25,        62.25,        62.85,        60.00,        62.00,                   295770.00,4800, ,       196.95,        52.50
N,SM,KKJEWELS,KABRA JEWELS LIMITED,        87.95,        91.00,        91.40,        89.50,        89.50,                  1448800.00,16000, ,       265.00,        84.00
N,SM,KALANA,KALANA ISPAT LIMITED,        25.00,        25.00,        25.00,        24.90,        24.95,                   598400.00,24000, ,        55.00,        24.00
G,ST,KANDARP,KANDARP DG SMART BPO LTD,       127.45,       127.45,       129.95,       127.40,       129.95,                  1671750.00,13000, ,       129.95,        42.10
N,ST,KARNIKA,KARNIKA INDUSTRIES LTD,       119.95,       116.00,       119.90,       116.00,       117.60,                  2820350.00,24000, ,       973.00,       114.05
N,SM,KATARIA,KATARIA INDUSTRIES LTD,        90.00,        88.55,        92.95,        87.30,        90.00,                   378720.00,4200, ,       174.85,        85.50
N,SM,KLL,KAUSHALYA LOGISTICS LTD,        45.40,        45.10,        45.10,        44.15,        44.95,                   357360.00,8000, ,       117.95,        40.60
N,SM,KCEIL,KAY CEE ENERGY & INFRA L,       150.95,       152.80,       152.80,       148.00,       148.45,                  1790050.00,12000, ,       408.35,       135.35
N,SM,KAYTEX,KAYTEX FABRICS LIMITED,        75.00,        75.05,        76.80,        75.00,        76.80,                   304120.00,4000, ,       156.90,        75.00
G,ST,KCK,KCK INDUSTRIES LTD,        30.50,        29.90,        29.90,        29.90,        29.90,                   149500.00,5000, ,        67.80,        25.50
N,SM,KEN,KEN ENTERPRISES LIMITED,        45.90,        45.50,        45.50,        45.00,        45.00,                   217200.00,4800, ,        85.00,        35.25
N,SM,KHFM,KHFM HOS FAC MANA SER LTD,        66.95,        64.00,        64.75,        63.80,        64.75,                   397652.50,6200, ,       103.95,        63.50
N,SM,KODYTECH,KODY TECHNOLAB LIMITED,       954.40,       988.00,       990.00,       916.00,       927.30,                  6411890.00,6700, ,      1740.00,       556.05
N,SM,KONSTELEC,KONSTELEC ENGINEERS LTD,        45.15,        43.00,        46.00,        42.70,        43.05,                   306200.00,7000, ,       140.30,        42.70
N,SM,KONTOR,KONTOR SPACE LIMITED,        63.10,        63.00,        66.75,        63.00,        66.75,                   115650.00,1800, ,       138.10,        58.00
N,SM,KDL,KORE DIGITAL LIMITED,       155.45,       154.05,       165.00,       154.05,       163.65,                  2825370.00,17400, ,      1939.00,       135.20
N,SM,KOTYARK,KOTYARK INDUSTRIES LTD,       254.50,       251.00,       259.00,       251.00,       252.20,                   406390.00,1600, ,      1023.00,       202.40
N,SM,KRISHCA,KRISHCA STRAPPING SLTN L,       170.45,       170.00,       174.00,       168.00,       173.40,                  1201800.00,7000, ,       337.85,       163.50
N,SM,KRISHNADEF,KRISHNA DEF AND ALD IND L,       697.45,       697.45,       718.45,       674.00,       679.10,                 16955225.00,24500, ,      1027.50,       503.00
N,SM,KEL,KUNDAN EDIFICE LIMITED,        97.50,       100.00,       100.00,        98.00,        99.00,                   949800.00,9600, ,       167.05,        81.00
N,SM,LAKSHYA,LAKSHYA POWERTECH LIMITED,       128.25,       130.00,       130.00,       127.10,       127.10,                   409040.00,3200, ,       372.50,       102.25
N,SM,LAMOSAIC,LAMOSAIC INDIA LIMITED,        36.00,        36.00,        36.00,        35.20,        35.35,                   340530.00,9600, ,       113.40,        34.00
N,SM,LRRPL,LEAD REC AND RUB PROD LTD,        77.50,        77.50,        77.50,        77.50,        77.50,                   116250.00,1500, ,       102.00,        48.60
N,SM,LLOYDS,LLOYDS LUXURIES LIMITED,        67.95,        68.00,        68.00,        63.55,        63.55,                   529300.00,8000, ,       125.75,        63.45
G,ST,MVKAGRO,M.V.K. AGRO FOOD PROD LTD,       744.80,       729.95,       729.95,       729.95,       729.95,                 37446435.00,51300, ,       819.00,        32.05
N,SM,MACOBSTECH,MACOBS TECHNOLOGIES LTD,       211.95,       218.45,       218.50,       210.00,       210.00,                  2084760.00,9600, ,       246.95,       150.60
N,SM,MADHUSUDAN,MADHUSUDAN MASALA LIMITED,       128.40,       130.00,       135.00,       125.00,       132.45,                  2846000.00,22000, ,       229.00,       108.60
N,SM,MRIL,MAHENDRA REALTO & INFRA L,        59.40,        56.05,        57.10,        56.05,        57.10,                   181040.00,3200, ,        82.00,        49.25
N,SM,MAHICKRA,MAHICKRA CHEMICAL LIMITED,       140.50,       132.00,       157.00,       132.00,       157.00,                   216750.00,1500, ,       180.00,        95.20
N,SM,MAITREYA,MAITREYA MEDICARE LIMITED,       226.40,       225.00,       232.00,       225.00,       231.00,                   917240.00,4000, ,       360.00,       214.45
N,SM,MPEL,MANAS POLYMER N ENERGIE L,        90.00,        95.75,        95.75,        95.40,        95.40,                   305840.00,3200, ,       153.90,        89.95
N,ST,MANAV,MANAV INFRA PROJECTS LTD,        27.55,        27.55,        28.90,        27.55,        28.90,                   791600.00,28000, ,        30.35,        10.50
N,SM,MANDEEP,MANDEEP AUTO INDUSTRIES L,        23.45,        22.35,        22.35,        22.35,        22.35,                    44700.00,2000, ,        36.15,        17.80
N,SM,MAL,MANGALAM ALLOYS LIMITED,        49.55,        50.00,        50.00,        50.00,        50.00,                   240000.00,4800, ,        80.20,        26.25
N,SM,MIEL,MANGLAM INFRA & ENG LTD,        21.50,        21.00,        21.70,        21.00,        21.50,                   298200.00,14000, ,        47.90,        19.40
N,SM,MARCO,MARCO CABLE & CONDUCTOR L,        41.20,        41.00,        41.00,        39.00,        39.90,                   364875.00,9000, ,        68.25,        33.10
N,SM,MARINETRAN,MARINETRANS INDIA LIMITED,        21.75,        22.80,        22.80,        22.80,        22.80,                   182400.00,8000, ,        31.20,        13.30
N,SM,MASON,MASON INFRATECH LIMITED,       197.65,       199.00,       199.00,       193.00,       193.40,                  1073525.00,5500, ,       220.00,        73.50
N,SM,MASTER,MASTER COMPONENTS LIMITED,       363.00,       344.85,       349.85,       344.85,       344.85,                  1382275.00,4000, ,       436.00,       258.40
N,SM,MGSL,MATRIX GEO SOLUTIONS LTD,        85.25,        85.40,        85.40,        85.35,        85.35,                  1126680.00,13200, ,       120.00,        81.00
N,SM,MAXPOSURE,MAXPOSURE LIMITED,        46.75,        48.40,        48.60,        48.00,        48.30,                   145000.00,3000, ,       102.95,        45.70
N,ST,MAXVOLT,MAXVOLT ENERGY INDUS L,       461.20,       455.00,       459.00,       440.00,       450.00,                 13300000.00,29600, ,       483.25,       145.05
N,SM,MCON,MCON RASAYAN INDIA LTD,        60.00,        59.95,        60.00,        59.95,        60.00,                   359950.00,6000, ,       229.90,        53.40
N,SM,MEDIORG,MEDICAMEN ORGANICS LTD,        24.00,        25.20,        25.20,        24.20,        24.20,                   199600.00,8000, ,        58.60,        19.60
N,SM,MEDISTEP,MEDISTEP HEALTHCARE LTD,        26.00,        24.60,        25.00,        24.60,        24.75,                   223050.00,9000, ,        53.00,        22.30
N,ST,MEGAFLEX,MEGA FLEX PLASTICS LTD,       108.05,       104.80,       104.80,       104.80,       104.80,                   314400.00,3000, ,       113.00,        40.00
N,SM,MEGATHERM,MEGATHERM INDUCTION LTD,       221.50,       221.05,       223.50,       218.00,       218.95,                  2463000.00,11200, ,       380.00,       212.00
N,SM,MHHL,MOHINI HEALTH&HYGIENE LTD,        39.85,        38.00,        38.00,        37.90,        37.90,                   170700.00,4500, ,        86.90,        37.90
N,SM,MONOLITH,MONOLITHISCH INDIA LTD,       491.10,       491.10,       508.00,       473.50,       491.30,                 21198637.50,43750, ,       607.40,       219.45
N,SM,MOS,MOS UTILITY LIMITED,        23.15,        23.00,        23.00,        22.50,        22.90,                  1097200.00,48000, ,       321.00,        21.00
N,SM,MMEL,MOVING MEDIA ENTER LTD,        50.00,        49.50,        50.25,        49.50,        50.25,                   902100.00,18000, ,        84.45,        44.50
G,ST,MOXSH,MOXSH OVERSEAS EDUCON LTD,        90.85,        92.65,        92.65,        92.65,        92.65,                  1185920.00,12800, ,        92.65,        25.50
N,SM,MUNISH,MUNISH FORGE LIMITED,       110.85,       107.85,       107.85,       103.80,       103.80,                  1390440.00,13200, ,       143.00,        97.00
N,ST,MYMUDRA,MY MUDRA FINCORP LIMITED,        83.85,        82.50,        82.50,        81.10,        81.35,                  2565420.00,31200, ,       119.10,        51.60
N,ST,NRVANDANA,N R VANDANA TEX IND LTD,        61.95,        62.95,        62.95,        59.60,        61.45,                  1644600.00,27000, ,        72.90,        37.05
N,SM,NAMAN,NAMAN IN-STORE (INDIA) L,        68.50,        67.50,        67.50,        67.50,        67.50,                    54000.00,800, ,       168.70,        55.75
N,SM,NAMOEWASTE,NAMO EWASTE MANAGEMENT L,       178.65,       180.40,       181.75,       178.10,       180.95,                  2162720.00,12000, ,       234.95,       127.00
N,SM,NEELAM,NEELAM LINENS & GAR (I) L,        13.65,        13.50,        13.50,        13.50,        13.50,                   162000.00,12000, ,        59.95,        11.80
N,ST,NEOCHEM,NEOCHEM BIO SOLUTIONS LTD,        94.90,        90.30,        91.00,        90.20,        90.20,                 11155320.00,123600, ,       113.40,        90.20
G,ST,NEPHROCARE,NEPHRO CARE INDIA LIMITED,       120.50,       122.90,       122.90,       122.90,       122.90,                  2605480.00,21200, ,       211.00,        99.95
N,SM,NEPTUNE,NEPTUNE PETROCHEMICALS L,       229.30,       232.00,       239.00,       222.75,       228.00,                  4813050.00,21000, ,       239.00,       126.30
N,ST,CBAZAAR,NET AVENUE TECHNOLOGIES L,         4.35,         4.50,         4.50,         4.50,         4.50,                    36000.00,8000, ,        14.00,         3.05
N,SM,NEWJAISA,NEWJAISA TECHNOLOGIES LTD,        31.20,        30.50,        31.80,        30.00,        31.80,                   879675.00,28500, ,        93.40,        27.05
N,SM,NMSTEEL,NEWMALAYALAM STEEL LTD,        30.55,        30.85,        30.85,        30.85,        30.85,                    49360.00,1600, ,        90.00,        23.35
N,SM,NIDAN,NIDAN LABS AND HEALTH LTD,        20.00,        19.80,        19.80,        19.80,        19.80,                    99000.00,5000, ,        31.00,        16.05
N,ST,NIKITA,NIKITA GRENTEC RECYCL LTD,       150.05,       155.00,       156.00,       150.00,       150.40,                  5464140.00,36000, ,       156.00,        77.15
N,SM,NIRMAN,NIRMAN AGRI GENTICS LTD,        63.95,        65.85,        67.10,        64.10,        67.10,                  3662865.00,54900, ,       456.00,        51.50
N,SM,OBSCP,OBSC PERFECTION LIMITED,       306.35,       314.90,       314.90,       294.00,       298.05,                 12779020.00,42400, ,       360.00,       144.90
N,SM,OMFURN,OMFURN INDIA LIMITED,        90.45,        92.50,        92.50,        92.50,        92.50,                   111000.00,1200, ,       140.00,        76.75
N,SM,ONDOOR,ON DOOR CONCEPTS LIMITED,       121.40,       120.00,       125.00,       116.50,       119.65,                  4345080.00,36000, ,       321.10,       110.10
N,SM,OLIL,ONECLICK LOGISTICS IND L,       303.80,       310.00,       323.90,       304.05,       315.70,                  9699800.00,31200, ,       355.00,        95.00
N,SM,ONYX,ONYX BIOTEC LIMITED,        32.50,        33.05,        33.05,        32.70,        32.70,                   593500.00,18000, ,        97.45,        30.50
N,SM,OPTIVALUE,OPTIVALUE TEK CONSULT LTD,        71.05,        72.20,        72.25,        70.50,        70.50,                  2056560.00,28800, ,       107.55,        70.50
N,SM,ORIANA,ORIANA POWER LIMITED,      2182.00,      2168.00,      2205.00,      2130.00,      2136.55,                 63397473.75,29400, ,      3064.00,      1000.00
N,ST,OSELDEVICE,OSEL DEVICES LIMITED,       559.90,       542.05,       548.90,       531.95,       532.40,                 22068070.00,41200, ,       835.00,       186.25
N,SM,OWAIS,OWAIS METAL & MINERAL,       300.45,       300.00,       300.00,       280.00,       287.35,                  7308490.00,25400, ,      1224.00,       280.00
N,ST,PSRAJ,P S RAJ STEELS LIMITED,       308.00,       301.10,       301.10,       300.10,       301.10,                  1203400.00,4000, ,       310.00,       122.85
N,SM,PARAGON,PARAGON FINE S.C. LTD.,        43.50,        43.50,        43.50,        42.35,        42.90,                   519420.00,12000, ,       108.55,        42.35
N,SM,PARAMOUNT,PARAMOUNT DYE TEC LIMITED,        49.25,        49.00,        49.00,        49.00,        49.00,                    58800.00,1200, ,        92.00,        44.55
N,SM,PSFL,PARAMOUNT SPECIALI FORG L,        30.10,        29.70,        29.70,        29.20,        29.55,                   177200.00,6000, ,        78.00,        28.25
N,SM,PARTH,PARTH ELEC & ENG LTD,       203.00,       210.00,       216.95,       202.00,       208.00,                  2011060.00,9600, ,       306.40,       169.00
N,SM,PARTYCRUS,PARTY CRUISERS LIMITED,        81.00,        82.00,        87.80,        82.00,        87.80,                 22605250.00,271000, ,       140.00,        63.05
N,SM,PATILAUTOM,PATIL AUTOMATION LIMITED,       190.85,       191.20,       191.20,       186.00,       186.55,                  2161350.00,11400, ,       268.90,       153.90
N,ST,PATTECH,PATTECH FITWELL TUB COM L,       116.50,       117.00,       117.00,       117.00,       117.00,                   175500.00,1500, ,       160.00,        60.10
N,SM,PELATRO,PELATRO LIMITED,       335.00,       335.00,       341.00,       325.00,       326.65,                  1310970.00,3900, ,       559.90,       283.20
N,ST,PENTAGON,PENTAGON RUBBER LIMITED,        68.40,        70.95,        71.80,        70.95,        71.80,                   285500.00,4000, ,       103.80,        50.55
N,SZ,PERFECT,PERFECT INFRAENGINEER LTD,         3.90,         3.85,         3.85,         3.80,         3.80,                    34350.00,9000, ,        24.25,         3.75
N,SM,PCCL,PETRO CARBON AND CHEMI L,       191.90,       187.05,       195.00,       186.70,       195.00,                  1617380.00,8400, ,       228.00,       150.00
N,SM,PHANTOMFX,PHANTOM DIGITAL EFF LTD,       237.80,       236.70,       243.45,       225.35,       231.60,                  6835665.00,29100, ,       327.95,       165.00
N,SM,PHOGLOBAL,PHOENIX OVERSEAS LIMITED,        18.55,        18.55,        18.55,        18.55,        18.55,                    37100.00,2000, ,        30.00,        16.75
N,SM,PPSL,PICTUREPOST STUDIOS LTD,        10.00,         9.95,         9.95,         9.45,         9.85,                   203400.00,21000, ,        45.60,         9.00
N,SM,PLADAINFO,PLADA INFOTECH SERVICES L,        16.45,        16.45,        16.45,        16.45,        16.45,                    49350.00,3000, ,        29.75,        14.85
G,ST,POLYSIL,POLYSIL IRRIGATION SYST L,       299.70,       293.75,       293.75,       293.75,       293.75,                 40243750.00,137000, ,       356.75,        14.25
N,SM,POSITRON,POSITRON ENERGY LIMITED,       209.50,       208.50,       209.50,       208.10,       208.10,                   564060.00,2700, ,       420.00,       207.10
N,SM,PRAMARA,PRAMARA PROMOTIONS LTD,       347.40,       353.35,       353.35,       346.00,       347.80,                 14963225.00,43000, ,       362.95,       101.05
N,SM,PRANIK,PRANIK LOGISTICS LIMITED,        57.50,        55.20,        55.30,        55.20,        55.20,                   530080.00,9600, ,       112.95,        48.10
N,SM,PRATHAM,PRATHAM EPC PROJECTS LTD,       148.20,       155.00,       155.00,       148.25,       148.40,                  1569480.00,10400, ,       242.30,       133.00
N,SM,PRECISION,PRECISION METALIKS LTD,        12.40,        12.35,        12.50,        12.35,        12.50,                  1269400.00,102000, ,        46.95,        12.30
N,SM,PRLIND,PREMIER ROADLINES LIMITED,        76.00,        75.65,        77.00,        75.65,        77.00,                   379600.00,5000, ,       139.00,        75.45
N,SM,PREMIUM,PREMIUM PLAST LIMITED,        36.90,        36.95,        36.95,        36.95,        36.95,                   110850.00,3000, ,        48.20,        26.05
N,SM,PRESSTONIC,PRESSTONIC ENGINEERING L,        59.00,        59.00,        61.00,        59.00,        60.00,                   192000.00,3200, ,       143.00,        59.00
N,SM,PRIMECAB,PRIME CABLE INDUSTRIES L,        95.50,        95.00,        95.00,        81.05,        82.80,                 13955680.00,161600, ,       123.65,        70.70
N,SM,PRITIKA,PRITIKA ENG COMPO LTD,        75.95,        70.00,        74.70,        70.00,        72.30,                  4182200.00,58000, ,       208.50,        66.50
N,SM,PRIZOR,PRIZOR VIZTECH LIMITED,       274.60,       279.00,       279.00,       255.00,       261.75,                  7773320.00,29600, ,       362.00,       105.10
N,SM,PROFX,PRO FX TECH LIMITED,        63.85,        60.00,        62.95,        58.00,        59.90,                  6448880.00,107200, ,       136.90,        56.90
N,SM,PROLIFE,PROLIFE INDUSTRIES LTD,        76.10,        76.15,        76.15,        76.15,        76.15,                    76150.00,1000, ,       361.00,        75.00
N,SM,PROV,PROVENTUS AGROCOM LIMITED,      1245.00,      1260.00,      1260.00,      1260.00,      1260.00,                   100800.00,80, ,      1770.00,       815.10
N,SM,PULZ,PULZ ELECTRONICS LIMITED,        31.75,        31.75,        31.75,        31.50,        31.50,                   189500.00,6000, ,        86.50,        29.00
N,ST,PURPLEUTED,PURPLE UNITED SALES LTD,       402.00,       416.00,       422.10,       400.00,       422.10,                  2578550.00,6250, ,       587.95,       119.55
N,SM,PURVFLEXI,PURV FLEXIPACK LIMITED,        91.00,        89.50,        89.50,        89.50,        89.50,                    71600.00,800, ,       195.00,        69.00
N,SM,PUSHPA,PUSHPA JEWELLERS LIMITED,       107.05,       110.50,       110.50,       106.00,       106.00,                   541100.00,5000, ,       148.75,        91.00
N,SM,QMSMEDI,QMS MEDICAL ALLIED S LTD,        92.20,        91.00,        92.00,        89.90,        90.30,                   723000.00,8000, ,       120.00,        72.35
N,SM,QUADPRO,QUADPRO ITES LIMITED,         2.50,         2.45,         2.45,         2.45,         2.45,                    88200.00,36000, ,         4.65,         2.45
N,SM,QFIL,QUALITY FOILS (INDIA) LTD,        61.00,        58.35,        58.35,        58.35,        58.35,                    58350.00,1000, ,       101.80,        58.35
N,SM,QUESTLAB,QUEST LABORATORIES LTD,        86.30,        89.95,        92.00,        89.00,        89.65,                  1846080.00,20400, ,       160.00,        75.15
N,SM,QUICKTOUCH,QUICKTOUCH TECHNOLOGIES L,        36.35,        37.00,        37.00,        37.00,        37.00,                    18500.00,500, ,       106.60,        27.15
N,SM,QVCEL,QVC EXPORTS LIMITED,        29.00,        27.95,        27.95,        27.90,        27.90,                    89360.00,3200, ,        48.55,        22.20
N,SM,RILINFRA,RACHANA INFRA LTD,        35.55,        36.40,        36.40,        34.85,        35.50,                   131085.00,3700, ,        53.95,        25.55
N,SM,RADIOWALLA,RADIOWALLA NETWORK LTD,        60.50,        59.60,        62.00,        59.60,        62.00,                   290560.00,4800, ,       115.00,        50.00
N,SM,RAJPUTANA,RAJPUTANA BIODIESEL LTD,       251.00,       252.00,       256.00,       251.00,       254.00,                   632500.00,2500, ,       383.85,       173.15
N,SM,RAJINDLTD,RAJPUTANA INDUSTRIES LTD,        84.15,        84.25,        84.50,        84.25,        84.50,                   759225.00,9000, ,       101.90,        70.05
N,SM,RTL,RAMA TELECOM LIMITED,        67.20,        65.35,        65.35,        65.35,        65.35,                   130700.00,2000, ,        75.00,        57.50
N,SM,RBS,RAMDEVBABA SOLVENT LTD,       102.00,       101.70,       103.00,       101.00,       103.00,                   984080.00,9600, ,       150.50,        99.00
N,SM,RBMINFRA,RBM INFRACON LIMITED,       414.75,       414.75,       420.00,       410.20,       414.40,                  1919200.00,4600, ,       814.55,       249.85
N,SM,READYMIX,READYMIX CONSTRU MACHI L,       122.00,       118.00,       122.00,       118.00,       121.95,                   483900.00,4000, ,       175.00,        55.20
N,SM,REFRACTORY,REFRACTORY SHAPES LIMITED,        55.10,        56.00,        58.40,        55.25,        58.40,                   224950.00,4000, ,       114.60,        39.00
N,SM,REMUS,REMUS PHARMACEUTICALS L,       733.95,       715.00,       715.75,       713.50,       715.75,                   643725.00,900, ,      2577.00,       611.05
N,ST,RNPL,RENOL POLYCHEM LIMITED,       148.75,       150.00,       150.15,       145.00,       145.95,                  2483700.00,16800, ,       156.00,        69.00
N,SM,REXPRO,REXPRO ENTERPRISES LTD,        47.10,        46.65,        46.65,        44.80,        45.30,                   959100.00,21000, ,       120.00,        44.15
N,ST,RICHA,RICHA INFO SYSTEMS LTD,        66.60,        69.90,        69.90,        69.75,        69.75,                   279450.00,4000, ,       102.05,        50.00
N,SM,RITEZONE,RITE ZONE CHEMCON IND LTD,        21.00,        21.00,        21.00,        20.10,        20.10,                    65760.00,3200, ,        51.50,        19.85
N,SM,RNFI,RNFI SERVICES LIMITED,       333.00,       338.85,       339.00,       323.00,       324.85,                  6888900.00,21000, ,       404.00,       135.00
N,SM,ROCKINGDCE,ROCKINGDEALS CIRCU ECO L,       201.00,       205.00,       240.00,       203.95,       224.95,                  2615987.50,12250, ,       650.00,       160.55
N,SM,ROXHITECH,ROX HI TECH LIMITED,        44.55,        44.50,        45.00,        44.25,        44.70,                   715440.00,16000, ,       107.95,        35.05
N,SM,ROYALARC,ROYAL ARC ELECTRODES LTD,       155.00,       154.00,       159.50,       154.00,       155.00,                   933120.00,6000, ,       187.80,       114.25
N,SM,RULKA,RULKA ELECTRICALS LIMITED,       108.10,       107.00,       112.00,       105.00,       105.85,                   718830.00,6600, ,       325.00,       100.35
N,SM,SATECH,S A TECH SOFTWARE INDIA L,        56.30,        59.70,        60.75,        53.10,        57.55,                  9536400.00,166000, ,       154.85,        31.80
N,SM,SDREAMS,S D RETAIL LIMITED,        88.95,        88.00,        88.00,        85.25,        85.25,                   431350.00,5000, ,       198.50,        85.25
N,SM,SJLOGISTIC,S J LOGISTICS (INDIA) LTD,       354.75,       357.00,       359.85,       356.00,       357.95,                  7073512.50,19750, ,       724.00,       301.05
N,ST,SAAKSHI,SAAKSHI MEDTEC N PANELS L,       179.00,       178.50,       178.50,       176.55,       176.55,                  1922130.00,10800, ,       253.95,       118.00
N,ST,SACHEEROME,SACHEEROME LIMITED,       399.65,       384.00,       384.00,       379.70,       379.70,                  7523250.00,19800, ,       428.55,       140.50
N,SM,SADHAV,SADHAV SHIPPING LIMITED,       100.00,       100.00,       102.90,        99.00,        99.00,                   602880.00,6000, ,       164.00,        76.95
N,SM,SAFEENTP,SAFE ENTER RETAIL FIX LTD,       269.00,       269.00,       275.00,       266.50,       269.00,                  6249625.00,23000, ,       319.00,       151.00
N,SM,SAHAJSOLAR,SAHAJ SOLAR LIMITED,       157.75,       157.75,       172.50,       155.95,       158.65,                  4967320.00,30400, ,       575.00,       138.15
N,SM,SAHANA,SAHANA SYSTEM LIMITED,       988.90,       988.90,       997.95,       970.05,       971.70,                  3559618.75,3625, ,      2135.00,       905.20
N,SM,SAHASRA,SAHASRA ELECTRONIC SOLU L,       275.95,       277.00,       277.00,       262.00,       263.25,                 12082400.00,45200, ,       638.00,       227.50
N,SM,SAIFL,SAMEERA AGRO AND INFRA L,        13.30,        14.40,        14.60,        13.50,        14.60,                  2025200.00,140000, ,       111.90,        10.50
N,SM,SARTELE,SAR TELEVENTURE LIMITED,       225.15,       225.00,       232.25,       221.00,       228.05,                 85133050.00,372500, ,       302.95,       162.00
N,SM,SATKARTAR,SAT KARTAR SHOPPING LTD,       155.10,       155.00,       156.50,       153.25,       153.55,                  3470640.00,22400, ,       241.95,       130.20
N,SM,SSEGL,SATHLOKHAR SYN E&C GLOB L,       471.25,       471.55,       474.40,       465.50,       471.35,                 10162540.00,21600, ,       580.00,       362.00
N,SM,SATIPOLY,SATI POLY PLAST LIMITED,        60.95,        62.95,        63.00,        62.95,        63.00,                    94450.00,1500, ,       220.00,        59.50
N,SM,SATTVAENGG,SATTVA ENGINEERING CSTN L,        64.00,        64.50,        64.50,        62.00,        62.05,                  5220720.00,83200, ,       118.90,        62.00
N,SM,SAVY,SAVY INFRA AND LOGI LTD,       173.90,       173.90,       173.90,       160.00,       164.25,                 10261080.00,62400, ,       191.00,       121.00
N,SM,SAWALIYA,SAWALIYA FOOD PRODUCTS L,       294.80,       294.50,       302.00,       292.55,       297.65,                104593170.00,350400, ,       305.00,       208.00
N,ST,SCML,SHARP CHUCKS N MACHINES L,       144.10,       147.00,       148.00,       145.00,       145.00,                  1315000.00,9000, ,       159.50,        68.05
N,SM,SHEEL,SHEEL BIOTECH LIMITED,        73.20,        73.25,        73.25,        73.00,        73.10,                   585500.00,8000, ,        95.55,        73.00
N,SM,SHEETAL,SHEETAL UNIVERSAL LIMITED,       149.20,       149.25,       149.70,       148.50,       148.75,                  2385000.00,16000, ,       159.00,        60.20
N,SM,SHERA,SHERA ENERGY LIMITED,       121.00,       120.30,       120.30,       120.30,       120.30,                   120300.00,1000, ,       214.00,       117.80
N,SM,SHIGAN,SHIGAN QUANTUM TECH LTD,        49.00,        49.00,        49.00,        46.35,        46.55,                   565575.00,12000, ,       129.00,        44.05
N,SM,SPCL,SHIVALIC POWER CONTROL L,        77.75,        79.95,        85.00,        78.40,        78.70,                  4946970.00,60600, ,       279.00,        71.00
N,SM,SHIVASHRIT,SHIVASHRIT FOODS LIMITED,       123.10,       124.70,       128.95,       123.10,       124.25,                  8755450.00,70000, ,       148.50,       118.00
N,SM,SHREEKARNI,SHREE KARNI FABCOM LTD,       484.10,       499.00,       499.00,       499.00,       499.00,                    74850.00,150, ,       852.90,       470.00
N,SM,SHREEOSFM,SHREE OSFM E-MOBILITY LTD,        81.50,        80.00,        80.00,        79.60,        79.90,                   639200.00,8000, ,       145.35,        77.60
N,SM,SHETHJI,SHREEJI GLOBAL FMCG LTD,       107.60,       107.70,       108.00,       105.30,       105.90,                  1705100.00,16000, ,       123.65,        95.50
N,ST,SHRIAHIMSA,SHRI AHIMSA NATURALS LTD,       239.90,       236.00,       240.00,       234.00,       238.95,                  2692470.00,11400, ,       280.10,       126.50
N,SM,SHKSIL,SHRI HARE-KRI SPO IRON L,        55.00,        55.60,        55.60,        55.05,        55.05,                   221300.00,4000, ,        84.00,        53.20
N,ST,SHRIKANHA,SHRI KANHA STAINLESS LTD,        71.75,        68.20,        68.20,        68.20,        68.20,                   436480.00,6400, ,        88.00,        68.20
N,ST,SHUBHLAXMI,SHUBHLAXMI JEWEL ART LTD,        36.95,        36.20,        36.60,        35.35,        36.00,                  3020850.00,84000, ,        37.50,        13.35
N,SM,SHUBHSHREE,SHUBHSHREE BIOFUELS ENE L,       366.00,       362.35,       362.35,       362.35,       362.35,                   108705.00,300, ,       494.95,       268.70
N,SM,SIDDHICOTS,SIDDHI COTSPIN LIMITED,        30.35,        30.15,        30.20,        29.05,        30.20,                   393900.00,13200, ,        86.40,        27.15
N,SM,SIDDHIKA,SIDDHIKA COATINGS LIMITED,       220.00,       220.00,       220.00,       220.00,       220.00,                   440000.00,2000, ,       243.00,       154.05
N,SM,SIGNORIA,SIGNORIA CREATION LIMITED,        93.05,        88.40,        94.30,        88.40,        94.30,                   271100.00,3000, ,       135.60,        60.00
N,SM,SILKFLEX,SILKFLEX POLYMERS INDIA L,        88.50,        91.00,        92.00,        91.00,        92.00,                   366000.00,4000, ,       112.10,        50.65
N,SM,SKP,SKP BEARING INDUSTRI. LTD,       171.50,       171.50,       171.50,       165.00,       165.00,                   587350.00,3500, ,       263.50,       159.95
N,SM,SLONE,SLONE INFOSYSTEMS LIMITED,       264.95,       260.00,       260.00,       240.00,       247.50,                  3538960.00,14400, ,       476.00,       220.40
N,SM,SMARTEN,SMARTEN POWER SYSTEMS LTD,        66.50,        64.60,        67.95,        64.00,        66.65,                  1033620.00,15600, ,       157.95,        64.00
N,SM,SMVD,SMVD POLY PACK LIMITED,         7.40,         7.75,         7.75,         7.75,         7.75,                    31310.00,4040, ,        21.70,         5.60
N,SM,SNEHAA,SNEHAA ORGANICS LIMITED,        70.00,        70.00,        72.00,        70.00,        72.00,                   353100.00,5000, ,       122.00,        67.00
N,SM,SONAMAC,SONA MACHINERY LIMITED,        47.05,        46.90,        47.05,        46.80,        46.80,                   187800.00,4000, ,       135.95,        46.70
N,ST,SPRL,SP REFRACTORIES LIMITED,       150.05,       142.55,       157.50,       142.55,       157.50,                   696200.00,4800, ,       199.40,       104.55
N,ST,SPEB,SPEB ADHESIVES LIMITED,        57.65,        55.00,        56.50,        55.00,        56.50,                   663600.00,12000, ,        60.00,        54.00
N,SM,SPECTSTM,SPECTRUM TALENT MGMT LTD,        85.10,        86.80,        86.80,        86.80,        86.80,                    69440.00,800, ,       212.00,        70.25
N,SM,SPPPOLY,SPP POLYMER LIMITED,        16.00,        16.50,        16.50,        16.50,        16.50,                    33000.00,2000, ,        38.25,        13.25
N,SM,SPUNWEB,SPUNWEB NONWOVEN LIMITED,       140.00,       138.00,       140.00,       137.00,       140.00,                  1170000.00,8400, ,       173.55,       130.50
N,SM,SSFL,SRIVARI SPICES N FOODS L,       133.60,       134.50,       135.90,       133.60,       135.50,                   607000.00,4500, ,       248.30,       124.00
N,SM,SRIVASAVI,SRIVASAVI ADHESIVE TAPE L,        47.25,        47.25,        47.25,        45.10,        45.50,                   968550.00,21000, ,       110.50,        45.10
N,SM,STUDIOLSD,STUDIO LSD LIMITED,        13.85,        13.85,        14.00,        13.80,        14.00,                   111000.00,8000, ,        43.20,        13.00
N,SM,SUBAHOTELS,SUBA HOTELS LIMITED,       153.20,       150.00,       151.95,       148.75,       150.00,                  2519340.00,16800, ,       200.00,       132.00
N,SM,SEL,SUNGARNER ENERGIES LTD,       220.00,       215.00,       215.00,       212.00,       212.00,                    85400.00,400, ,       610.00,       181.10
N,ST,SUNLITE,SUNLITE RECYCLING IND LTD,       284.20,       284.20,       284.20,       271.15,       271.75,                  3308160.00,12000, ,       328.00,        91.00
N,SM,SUNTECH,SUNTECH INFRA SOLUTIONS L,        44.10,        44.10,        44.10,        43.00,        43.00,                   346720.00,8000, ,       110.00,        37.30
N,SM,SFML,SUPREME FACILITY MGMT LTD,        31.55,        32.00,        32.00,        30.60,        30.60,                   100160.00,3200, ,        75.00,        27.40
N,SM,SUPREMEPWR,SUPREME POWER EQUIPMENT L,       202.85,       203.85,       203.85,       193.60,       194.30,                  7667050.00,39000, ,       248.75,       100.00
N,SM,SURANI,SURANI STEEL TUBES LTD.,        64.00,        64.00,        64.00,        60.00,        60.15,                  1463980.00,24200, ,       211.10,        59.35
N,SM,SWARAJ,SWARAJ SUITING LIMITED,       254.60,       257.95,       258.00,       251.55,       251.80,                 14806950.00,58500, ,       287.45,       138.50
N,SM,SWASTIK,SWASTIK PIPE LIMITED,        23.65,        22.70,        23.65,        22.70,        23.45,                   138240.00,6000, ,        64.90,        22.70
N,SM,SYLVANPLY,SYLVAN PLYBOARD (INDIA) L,        63.00,        63.00,        63.00,        63.00,        63.00,                   252000.00,4000, ,        95.95,        55.00
N,ST,SYSTANGO,SYSTANGO TECHNOLOGIES LTD,       337.05,       337.05,       351.65,       331.00,       350.00,                  8084180.00,23600, ,       411.00,       192.25
N,SM,TAC,TAC INFOSEC LIMITED,       804.50,       806.95,       813.60,       786.00,       797.90,                 21789720.00,27400, ,      1697.00,       676.00
G,ST,TANKUP,TANKUP ENGINEERS LIMITED,       751.70,       736.70,       736.70,       736.70,       736.70,                   736700.00,1000, ,       817.60,       152.55
N,ST,TAURIAN,TAURIAN MPS LIMITED,       208.25,       202.25,       210.00,       202.25,       205.50,                  4954080.00,24000, ,       425.00,       193.90
N,SM,TBI,TBI CORN LIMITED,        85.45,        84.00,        85.95,        83.00,        84.25,                  3494130.00,41400, ,       222.00,        75.20
G,ST,TECHD,TECHD CYBERSECURITY LTD,       658.10,       646.00,       646.00,       644.95,       644.95,                  1549140.00,2400, ,       843.60,       366.70
N,ST,TECHERA,TECHERA ENGINEER (IND) L,       217.50,       213.00,       219.95,       213.00,       214.95,                  3968600.00,18400, ,       325.70,       115.60
N,ST,TGL,TEERTH GOPICON LIMITED,        72.20,        68.60,        68.60,        68.60,        68.60,                   425320.00,6200, ,       660.00,        38.50
N,SM,TEJASCARGO,TEJAS CARGO INDIA LIMITED,       254.00,       251.00,       251.00,       251.00,       251.00,                  3112400.00,12400, ,       363.60,       141.05
N,SM,TCL,THAAI CASTING LIMITED,        99.00,       105.00,       105.00,        98.00,       101.65,                  1348640.00,13600, ,       153.30,        77.15
N,SM,TRANSTEEL,TRANSTEEL SEATING TECH L,       140.35,       140.00,       140.00,       138.30,       138.95,                  1667800.00,12000, ,       167.95,        79.75
N,SM,TECHLABS,TRIDENT TECHLABS LIMITED,       302.95,       304.00,       310.00,       297.00,       306.25,                  2133418.75,7000, ,      1670.00,       295.00
N,SM,TRIDHYA,TRIDHYA TECH LIMITED,        15.00,        15.05,        15.05,        15.00,        15.00,                    90150.00,6000, ,        41.00,        14.00
N,SM,TROM,TROM INDUSTRIES LIMITED,        78.25,        78.05,        78.05,        77.00,        77.40,                   512010.00,6600, ,       280.00,        67.90
N,ST,TRUST,TRUST FINTECH LIMITED,        49.85,        49.85,        50.35,        48.05,        48.10,                   117810.00,2400, ,       185.00,        42.70
N,SM,TSC,TSC INDIA LIMITED,        50.00,        49.05,        49.05,        46.55,        46.75,                   574200.00,12000, ,        79.30,        46.55
N,SM,TUNWAL,TUNWAL E-MOTORS LIMITED,        36.60,        36.80,        39.80,        36.65,        37.60,                  4072800.00,108000, ,        52.40,        27.25
N,SM,UMA,UMA CONVERTER LIMITED,        20.45,        20.00,        20.00,        20.00,        20.00,                    80000.00,4000, ,        45.05,        19.00
N,ST,UNIHEALTH,UNIHEALTH HOSPITALS LTD,       331.35,       320.00,       335.80,       315.00,       326.30,                 12121200.00,37000, ,       390.60,       120.00
N,SM,UHTL,UNITED HEAT TRANSFER LTD,        62.95,        62.95,        62.95,        57.70,        57.95,                  4892400.00,84000, ,       111.05,        51.50
N,SM,USASEEDS,UPSURGE SEEDS OF AGRI LTD,       166.80,       159.00,       159.00,       159.00,       159.00,                    68052.00,428, ,       314.40,       130.70
N,SM,URBAN,URBAN ENVIRO WASTE MGMT L,       145.00,       144.00,       146.00,       144.00,       145.25,                   348200.00,2400, ,       695.15,       136.05
N,SM,USHAFIN,USHA FINANCIAL SERVICES L,        36.25,        36.00,        36.05,        36.00,        36.00,                  2764880.00,76800, ,       132.90,        34.10
N,SM,UTSSAV,UTSSAV CZ GOLD JEWELS LTD,       219.70,       220.00,       220.00,       217.00,       217.85,                  3275400.00,15000, ,       315.25,       145.05
N,SM,VMARCIND,V MARC INDIA LIMITED,       665.60,       665.60,       685.80,       655.00,       657.05,                  8015650.00,12000, ,       805.00,       200.30
N,SM,VR,V R INFRASPACE LIMITED,       180.00,       172.00,       172.00,       172.00,       172.00,                    68800.00,400, ,       337.05,       157.00
N,SM,VLINFRA,V.L.INFRAPROJECTS LIMITED,        25.50,        25.65,        29.25,        25.65,        27.40,                  1183350.00,43500, ,        63.45,        22.15
N,SM,VSCL,VADIVARHE SPCLTY CHEM LTD,        16.70,        17.50,        17.50,        17.50,        17.50,                   105000.00,6000, ,        46.90,        16.70
N,SM,MADHAVBAUG,VAIDYA SANE AYUR LAB LTD,       275.00,       270.00,       285.00,       270.00,       285.00,                  1237360.00,4400, ,       313.00,        81.10
N,SM,DENTALKART,VASA DENTICITY LIMITED,       577.05,       577.95,       577.95,       570.00,       571.70,                  3150362.50,5500, ,       812.50,       533.00
N,SM,VDEAL,VDEAL SYSTEM LIMITED,       222.00,       221.40,       223.40,       215.00,       215.00,                  1181070.00,5400, ,       260.00,       100.25
N,SM,VEEKAYEM,VEEKAYEM FASH & APP LTD,       221.00,       211.00,       212.00,       196.05,       202.50,                  3889175.00,19000, ,       318.00,       190.00
N,SM,VERTEXPLUS,VERTEXPLUS TECHNOLOGIES L,       117.00,       120.00,       120.00,       120.00,       120.00,                    72000.00,600, ,       149.80,        73.40
N,SM,VIAZ,VIAZ TYRES LIMITED,        71.40,        73.50,        73.50,        68.85,        68.85,                   431100.00,6000, ,        99.55,        49.30
N,SM,VIGOR,VIGOR PLAST INDIA LIMITED,        80.00,        81.00,        81.25,        74.95,        79.00,                  5162400.00,67200, ,        98.00,        74.95
N,SM,VIJAYPD,VIJAYPD CEUTICAL LIMITED,        45.00,        47.90,        47.90,        44.40,        44.40,                  1260400.00,28000, ,        55.50,        35.00
N,SM,VILAS,VILAS TRANSCORE LIMITED,       395.75,       390.15,       399.25,       390.00,       392.70,                  5991250.00,15250, ,       673.70,       291.00
N,SM,VILINBIO,VILIN BIO MED LIMITED,        18.95,        19.85,        19.85,        19.85,        19.85,                   158800.00,8000, ,        32.50,        16.25
N,SM,VINSYS,VINSYS IT SERVICES IND LT,       401.00,       401.00,       401.00,       386.10,       391.05,                  1675612.50,4250, ,       475.00,       300.00
N,SM,VINYAS,VINYAS INNOVATIVE TECH L,      1171.00,      1175.00,      1175.00,      1175.00,      1175.00,                  2467500.00,2100, ,      1440.00,       575.80
N,SM,VGINFOTECH,VIRTUAL GALAXY INFOTECH L,       158.60,       157.25,       157.25,       153.75,       154.95,                  2486700.00,16000, ,       208.00,       146.00
N,SM,VISHNUINFR,VISHNUSURYA PROJ N INFR L,       176.85,       176.00,       177.00,       172.25,       172.60,                  1221175.00,7000, ,       305.00,       145.00
N,SM,VISHWAS,VISHWAS AGRI SEEDS LTD,        42.00,        40.00,        41.00,        36.10,        40.85,                  3102880.00,81600, ,        91.90,        36.10
N,ST,VIESL,VISION INFRA EQUIP SOL L,       258.00,       258.00,       258.00,       245.10,       250.00,                 14754280.00,59200, ,       307.90,       111.95
N,SM,VITAL,VITAL CHEMTECH LIMITED,        56.00,        55.00,        56.55,        53.85,        55.30,                   328260.00,6000, ,        77.60,        48.10
N,SM,VIVIANA,VIVIANA POWER TECH LTD,       773.25,       775.00,       775.00,       715.00,       733.10,                  8634830.00,11600, ,      1860.00,       598.00
N,ST,VOLERCAR,VOLER CAR LIMITED,       200.00,       192.00,       200.00,       190.00,       200.00,                 28069560.00,140800, ,       255.00,        77.40
N,SM,WALPAR,WALPAR NUTRITIONS LIMITED,        44.25,        46.40,        46.40,        46.40,        46.40,                    92800.00,2000, ,        53.30,        37.70
N,SM,WINSOL,WINSOL ENGINEERS LIMITED,       164.60,       162.00,       162.00,       156.00,       160.70,                  1334380.00,8400, ,       320.00,       151.05
N,SM,WTICAB,WISE TRAVEL INDIA LIMITED,       131.70,       130.15,       135.00,       130.15,       134.00,                  1071800.00,8000, ,       204.00,       115.20
N,ST,WOL3D,WOL 3D INDIA LIMITED,       170.00,       166.05,       167.10,       166.05,       167.10,                   666200.00,4000, ,       209.95,        97.00
N,SM,WOMANCART,WOMANCART LIMITED,       304.25,       305.50,       305.50,       292.00,       296.30,                  2748840.00,9200, ,       437.15,       211.15
N,SM,YASHOPTICS,YASH OPTICS & LENS LTD,       137.25,       137.60,       137.60,       129.05,       132.00,                  1485920.00,11200, ,       153.50,        72.60
N,SM,YCCL,YASONS CHEMEX CARE LTD,        11.30,        11.50,        12.00,        11.50,        12.00,                   210450.00,18000, ,        21.40,        11.00
N,SM,ZTECH,Z-TECH (INDIA) LIMITED,       602.40,       605.00,       605.00,       587.00,       592.00,                 33305835.00,55800, ,       731.15,       460.00
N,SM,ZEAL,ZEAL GLOBAL SERVICES LTD,        97.85,        98.10,       100.00,        98.10,        99.95,                   238230.00,2400, ,       192.00,        92.35
N,SM,ZENITHDRUG,ZENITH DRUGS LIMITED,        51.50,        51.50,        51.50,        49.60,        49.85,                   803200.00,16000, ,       107.00,        47.15
