SYMBOL,SYMBOL P/E,ADJUSTED P/E
THERMAX,51.36,51.36
WHEELS,18.48,18.48
RIIL,121.66,121.66
PREMIERPOL,16.28,16.28
RAYMOND,13.67,13.67
SHREDIGCEM,47.74,47.74
SESHAPAPER,18.15,18.15
SMLMAH,36.66,36.66
SUNDRMFAST,36.08,36.08
FACT,592.04,716.41
EXIDEIND,36.23,36.23
ELECON,20.87,24.06
CRISIL,44.28,44.28
LMW,155.45,154.46
NELCO,260.09,260.09
MASTEK,16.91,17.11
MAHSCOOTER,66.32,82.61
LUMAXIND,71.20,71.20
TRENT,94.12,94.12
KECL,300.00,
CUMMINSIND,66.66,67.00
KCP,8.04,7.42
JAYBARMARU,18.93,18.93
JBCHEPHARM,41.07,41.07
INFY,24.38,24.38
INDIAGLYCO,34.67,34.67
IONEXCHANG,26.30,26.30
IFBIND,50.47,50.47
IGPL,19.78,19.78
HIMATSEIDE,21.82,8.21
GNFC,13.14,13.14
BPCL,10.49,10.34
BHARATFORG,65.58,65.37
BASF,41.88,42.55
FORCEMOT,25.69,36.47
ATUL,33.97,33.97
ARVIND,21.75,21.75
ACC,13.68,14.17
TMPV,5.99,5.84
SCI,11.13,11.13
LINDEINDIA,116.01,116.01
HINDPETRO,9.14,9.14
ESCORTS,32.50,34.15
RELINFRA,0.73,0.84
BAJAJHLDNG,60.70,186.59
ASHOKLEY,28.25,28.37
VOLTAS,59.91,59.91
TITAN,93.46,93.46
TATASTEEL,52.06,48.39
SUNDARMFIN,29.26,29.26
SPIC,12.78,12.78
VEDL,11.20,12.39
SBIN,11.13,11.13
RELIANCE,22.23,22.23
PFIZER,28.62,34.23
NOCIL,27.44,27.44
BOSCHLTD,39.85,47.89
DRREDDY,18.54,18.54
BATAINDIA,57.88,55.10
DEEPAKFERT,15.51,15.51
CHAMBLFERT,10.95,10.95
CARBORUNIV,79.71,110.40
MAHSEAMLES,8.47,8.44
HINDOILEXP,13.75,17.55
DICIND,28.31,29.26
COROMANDEL,29.19,33.24
BALMLAWRIE,14.63,14.63
WILLAMAGOR,1.21,1.21
VINDHYATEL,21.36,21.36
MOTOGENFIN,121.11,121.11
ASIANPAINT,76.35,71.22
RAMCOCEM,78.31,217.63
INDIACEM,,590.24
PGHL,31.52,31.52
BEML,46.95,46.95
ADOR,49.28,41.45
CENTENKA,16.47,16.47
TATACHEM,54.25,39.31
TORNTPHARM,63.75,63.20
VTL,16.08,16.08
SUNDROP,,65.38
FEDERALBNK,15.80,15.80
EPL,17.01,16.86
VLSFINANCE,41.11,41.11
SUPREMEIND,54.33,54.33
SRF,62.84,62.84
BIRLACABLE,65.91,65.91
BALRAMCHIN,23.37,23.37
AEGISLOG,31.88,31.88
WEIZMANIND,18.46,18.46
UNICHEMLAB,24.58,24.58
BBOX,39.68,31.08
HONAUT,58.48,58.48
JTEKTINDIA,54.42,54.84
SAURASHCEM,63.68,163.76
RANEHOLDIN,8.77,53.83
PRECOT,11.25,11.25
TATAELXSI,41.53,41.53
SUNPHARMA,41.32,37.37
KOHINOOR,0.27,
SHREYANIND,4.43,4.43
SANDESH,9.57,9.65
HCC,13.37,
APOLLOHOSP,62.38,62.38
ARE&M,19.68,21.60
ADANIENT,62.53,73.89
IVP,16.79,16.79
BALKRISIND,31.88,31.88
INDBANK,19.60,19.60
GINNIFILA,17.72,14.43
EICHERMOT,47.09,47.09
GVT&D,99.42,99.42
NEULANDLAB,115.02,154.35
ONGC,7.32,7.30
ZENSARTECH,24.59,24.59
TAINWALCHM,26.87,26.87
BERGEPAINT,56.75,55.37
BANARISUG,39.80,39.80
JINDALPOLY,,38.21
ANIKINDS,65.76,65.76
KPIL,28.45,28.45
JYOTISTRUC,28.52,28.52
IGARASHI,73.39,73.39
BSL,25.27,25.27
BLUEDART,51.08,51.08
JAYNECOIND,29.21,29.21
MUNJALSHOW,19.40,19.40
APCOTEXIND,33.16,33.16
SOTL,19.21,19.21
HSCL,37.60,37.60
RCF,26.85,27.11
RANASUG,5.45,5.45
KARURVYSYA,12.06,12.06
DECCANCE,53.68,53.68
ARENTERP,179.08,179.08
UFLEX,11.25,8.73
TATAPOWER,28.69,27.78
ADVANIHOTR,20.54,20.54
THOMASCOOK,26.21,25.61
SUNFLAG,23.85,23.85
SUBROS,35.06,35.06
SPMLINFRA,27.43,27.43
SIMPLEXINF,83.26,193.20
SIEMENS,54.96,54.96
BHARATRAS,27.09,25.19
WIPRO,20.31,20.31
VSTIND,14.54,20.22
JUBLPHARMA,36.41,34.46
UNIVCABLES,45.89,45.89
TATACOMM,36.39,56.17
TOKYOPLAST,100.77,100.77
SOMANYCERA,32.43,31.70
MURUDCERA,20.67,20.67
IFCI,25.43,25.23
HLVLTD,31.22,32.47
SANOFI,26.16,26.61
M&M,34.00,34.00
LIBERTSHOE,37.62,33.62
KAJARIACER,49.81,49.81
KABRAEXTRU,35.27,51.34
HEIDELBERG,33.82,33.82
MODTHREAD,48.04,48.04
MANGLMCEM,34.47,34.47
PRSMJOHNSN,158.84,
POLYPLEX,12.29,12.29
PIDILITIND,66.95,66.39
PCBL,29.64,29.60
3PLAND,33.43,33.43
OSWALAGRO,6.38,6.38
EIHAHOTELS,22.81,21.81
HONDAPOWER,32.03,32.03
JINDALSAW,7.24,7.24
SAIL,20.83,20.71
RUBYMILLS,16.27,16.27
STYRENIX,15.69,15.69
ABB,60.92,60.92
IDBI,13.37,13.37
GRAPHITE,29.32,29.32
CANFINHOME,13.96,13.96
BRITANNIA,66.50,66.50
BBL,22.60,22.60
ELECTCAST,8.03,8.03
DHAMPURSUG,15.99,15.99
DCMSHRIRAM,30.90,30.90
DABUR,49.97,49.97
COSMOFIRST,12.60,12.60
CIPLA,22.36,22.36
HEROMOTOCO,25.71,25.71
HDFCBANK,21.00,20.72
HARRMALAYA,11.35,11.35
GMBREW,16.98,16.98
GIPCL,11.29,11.29
ITC,24.82,24.82
INDIANHUME,3.83,24.57
HINDCOMPOS,18.33,13.44
IOC,16.34,18.66
OSWALGREEN,80.40,80.40
HUHTAMAKI,20.93,21.60
RICOAUTO,48.88,47.12
KAMATHOTEL,13.74,13.72
IFBAGRO,37.22,37.22
BANCOINDIA,23.00,23.00
MANINDS,19.44,19.44
APOLLOTYRE,38.14,40.38
SIYSIL,15.11,15.11
SHANTIGEAR,37.39,37.39
PRECWIRE,43.39,43.39
ONWARDTEC,18.52,18.52
NILKAMAL,21.43,21.43
NCC,11.62,11.62
ICIL,26.47,26.47
SEAMECLTD,22.63,22.65
ELGIEQUIP,41.81,41.81
AUROPHARMA,20.27,20.27
BBTC,6.33,6.41
EIHOTEL,35.28,30.61
LICHSGFIN,5.25,5.25
GICHSGFIN,7.13,6.66
BEPL,12.75,12.75
BANARBEADS,27.06,27.06
MOREPENLAB,23.31,23.31
WSTCSTPAPR,9.65,9.65
VENKEYS,34.96,34.96
GHCL,8.89,8.89
S&SPOWER,2273.35,224.43
PRUDMOULI,12.63,12.63
PRAJIND,43.64,43.64
BPL,,4.44
TRANSWORLD,19.44,12.76
KEEPLEARN,70.27,70.27
PGHH,50.91,50.91
VESUVIUS,37.22,37.22
TFCILTD,27.19,27.19
BOMDYEING,5.53,158.70
NAVNETEDUL,14.43,16.08
GUJALKALI,76.89,76.89
AGI,13.24,13.24
GLAXO,46.04,46.20
TATACONSUM,82.65,83.33
ZEEL,12.61,11.62
CHOLAFIN,31.73,31.73
INDHOTEL,49.61,56.72
FMGOETZE,13.88,13.88
KOTAKBANK,22.78,22.78
LYKALABS,34.59,34.59
ORIENTHOT,35.96,35.96
JAYSREETEA,3.26,6.71
GILLETTE,46.07,46.07
GOLDENTOBC,8.38,9.51
KANSAINER,16.32,30.23
FOSECOIND,45.77,45.77
ESABINDIA,54.19,54.19
3MINDIA,79.69,79.69
ANDHRAPAP,16.11,16.11
GABRIEL,55.20,55.20
SCHAEFFLER,58.38,58.38
AARTIIND,56.14,56.89
RALLIS,29.90,30.01
AMJLAND,10.47,10.47
PRAKASH,6.58,6.58
MFSL,170.72,170.72
KSB,51.86,51.86
KOPRAN,17.94,17.94
HEG,55.31,55.31
GREAVESCOT,280.98,
GODFRYPHLP,44.09,44.09
VARDMNPOLY,10.75,10.75
SURYAROSNI,19.88,19.88
TATAINVEST,167.05,167.05
TIMKEN,50.87,50.87
SUDARSCHEM,99.43,
SHREECEM,63.11,63.11
SAKHTISUG,10.60,17.10
IPCALAB,43.01,39.98
INGERRAND,41.01,41.01
AKZOINDIA,35.15,35.15
HINDALCO,11.27,11.01
HINDZINC,23.86,23.72
HINDUNILVR,49.35,50.09
GSFC,10.79,10.87
GRASIM,22.87,22.49
AMBUJACEM,25.10,25.16
FINPIPE,28.92,28.92
FINCABLES,20.52,22.24
EIDPARRY,8.80,10.17
DCW,49.71,49.71
DCM,63.47,63.47
CGPOWER,100.24,100.24
HEUBACHIND,17.21,15.39
CESC,15.22,15.22
BIRLACORPN,21.56,20.02
BHEL,418.23,418.23
BHARATGEAR,24.19,
BEL,51.56,51.56
BAJFINANCE,35.31,35.31
ASHAPURMIN,22.48,22.48
PVP,,3207.32
NAVA,11.63,11.63
CORALFINAC,10.26,10.26
GREENPLY,26.20,27.01
PARASPETRO,1371.16,1371.16
AUTOAXLES,17.56,17.56
REMSONSIND,21.59,20.76
DALMIASUG,6.57,6.57
NATCOPHARM,9.74,9.74
KHAITANLTD,7.31,7.31
SWARAJENG,25.53,25.53
MRF,35.78,35.78
GARFIBRES,28.31,28.31
ANDHRSUGAR,20.21,14.53
TNPETRO,11.95,13.11
TTKPRESTIG,91.74,42.57
STARPAPER,6.28,6.28
SKFINDIA,16.97,16.97
AUSOMENT,8.68,8.68
EIMCOELECO,18.08,18.08
PANACEABIO,191.63,
JAYAGROGN,11.22,11.22
CUBEXTUB,18.58,18.58
MARICO,56.46,56.46
SILINV,15.19,15.19
SAMBHAAV,1290.33,1290.33
REGENCERAM,40.83,40.83
BIOFILCHEM,19.65,19.65
KEYFINSERV,18.61,18.61
ZENITHEXPO,43.34,
SUNDRMBRAK,82.20,82.20
SANGAMIND,110.09,82.63
MOTHERSON,40.56,39.85
VISAKAIND,14.32,57.59
AARTIDRUGS,18.62,18.62
STERTOOLS,19.60,19.60
CREST,14.79,14.79
INDIANCARD,5.26,8.03
HITECHGEAR,38.90,38.90
WENDT,45.31,45.31
DENORA,183.69,183.69
TVSSRICHAK,118.44,177.78
SHRIRAMFIN,16.94,19.11
PUNJABCHEM,32.83,31.16
MIRZAINT,41.05,
ELECTHERM,2.87,4.30
DYNAMATECH,144.24,144.24
GANESHHOU,11.60,11.60
MMFL,16.22,16.23
JAGSNPHARM,22.06,31.46
ALKYLAMINE,43.28,43.28
JCHAC,106.00,97.74
MPHASIS,31.39,31.39
RUCHINFRA,19.32,19.32
ATLASCYCLE,7.06,7.06
RAMCOIND,26.46,26.46
KOTHARIPET,11.37,11.37
HERITGFOOD,25.14,23.89
INDRAMEDCO,25.51,25.51
BANKBARODA,7.73,7.73
MADRASFERT,17.59,17.59
GAIL,10.90,13.36
INDNIPPON,20.59,20.59
SKMEGGPROD,28.27,28.27
TCIFINANCE,4.72,4.98
BANKINDIA,6.90,6.63
CONCOR,30.04,29.42
ICICIBANK,17.14,17.14
HUDCO,14.96,14.96
INDSWFTLAB,3.30,39.42
SAREGAMA,33.54,34.19
FDC,25.10,25.10
ENGINERSIN,22.48,22.48
ADROITINFO,60.53,
JAICORPLTD,14.09,14.09
ANTGRAPHIC,13.04,13.04
GMDCLTD,23.99,23.99
MAHAPEXLTD,11.21,23.73
INDUSINDBK,64.40,64.40
ASAHIINDIA,73.55,78.91
J&KBANK,5.13,5.13
CUB,17.53,17.53
SOUTHBANK,7.72,7.72
ASTRAZEN,122.80,106.48
CEMPRO,33.82,33.82
AXISBANK,13.62,13.62
CYIENT,19.01,19.01
SONATSOFTW,22.36,22.36
CYBERTECH,12.64,12.64
DHANBANK,11.30,11.30
SANGHVIMOV,16.23,16.23
STCINDIA,99.11,20.50
RSSOFTWARE,152.37,152.37
VIPCLOTHNG,39.87,39.87
NATIONALUM,8.87,8.87
IVC,14.25,14.25
JINDALSTEL,33.91,2673.20
ALEMBICLTD,18.02,18.02
ICDSLTD,27.28,27.28
BSOFT,25.43,25.43
HCLTECH,26.44,26.44
ACCELYA,15.16,15.16
STAR,21.10,19.14
ZYDUSLIFE,19.92,19.54
GLENMARK,72.94,44.20
RAJESHEXPO,160.37,160.37
SHREERAMA,14.91,14.91
BLUECOAST,0.76,
NRBBEARING,30.83,137.75
IOB,17.12,17.12
GVPIL,110.20,110.20
BIL,51.88,51.88
KTKBANK,6.46,6.46
BLBLIMITED,11.90,11.90
AJANTPHARM,34.93,34.93
BLUESTARCO,68.77,70.00
CALSOFT,31.91,31.91
TVSMOTOR,333.22,333.22
PNBGILTS,4.17,4.20
TAJGVK,19.92,19.92
NLCINDIA,11.23,11.23
KRBL,16.48,16.48
HAVELLS,62.14,62.14
GAEL,22.42,22.42
USHAMART,36.02,36.02
AXISCADES,64.17,61.55
BALAJITELE,15.33,15.33
UMIYA-MRO,4.39,4.39
TIPSMUSIC,41.56,41.56
HIKAL,46.42,46.42
TRIDENT,31.50,31.50
MARKSANS,30.75,30.75
NEXTMEDIA,0.68,
GOLDTECH,16.84,
SMARTLINK,14.22,14.22
GODREJCP,65.11,63.30
JISLJALEQS,109.59,109.59
LUPIN,25.93,25.93
UNITDSPR,67.92,65.54
TCI,23.00,23.00
MPSLTD,21.80,22.40
BHARTIARTL,32.22,38.59
ASAL,49.84,49.84
OLECTRA,69.00,68.75
PONNIERODE,15.15,21.99
PNB,8.82,8.82
APTECHT,27.31,26.92
SURANAT&P,11.05,11.10
TEAMGTY,104.61,104.61
OFSS,27.91,27.91
UNIONBANK,6.33,6.33
NUCLEUS,14.38,14.38
CANBK,8.33,8.33
GENESYS,29.90,29.90
OMAXAUTO,8.34,22.82
GODREJIND,22.20,22.20
DIVISLAB,72.45,72.45
RADICO,103.09,101.74
INDORAMA,16.55,16.55
MARUTI,36.02,36.02
VARDHACRLC,32.47,32.47
UCOBANK,14.28,14.28
BAGFILMS,11.90,11.90
JSL,25.34,25.29
NSIL,81.01,81.01
WELSPUNLIV,23.45,23.45
JAIBALAJI,13.32,13.32
IGL,20.67,20.67
TVTODAY,26.32,26.32
UPL,39.51,31.88
MUKANDLTD,23.55,23.55
PETRONET,11.17,11.17
PTC,5.07,6.78
VAIBHAVGBL,23.90,23.90
BIOCON,78.59,84.32
MAHABANK,7.50,7.50
XPROINDIA,123.37,123.37
RKFORGE,21.45,21.14
DATAMATICS,22.76,26.38
CCL,42.66,42.66
EXCELINDUS,13.17,13.17
LT,30.09,30.70
APARINDS,40.06,40.06
AMBICAAGAR,85.21,85.21
CENTEXT,17.19,17.19
NIITLTD,26.15,25.09
ULTRACEMCO,48.50,48.24
TCS,23.51,23.51
COFORGE,57.12,56.23
GULFPETRO,7.00,7.00
GUFICBIO,56.51,56.51
ASTRAMICRO,55.14,55.14
WELENT,18.23,18.26
NTPC,13.78,13.78
KOTARISUG,18.84,32.56
JBMA,49.20,49.20
DWARKESH,29.86,29.86
SUPRAJIT,58.95,58.95
PATELENG,11.37,7.33
XCHANGING,17.16,17.16
JSWSTEEL,50.45,47.71
CONSOFINVT,5.68,5.68
JPPOWER,16.53,16.53
EVEREADY,28.73,26.85
GOKEX,34.36,34.36
SAKSOFT,23.47,23.47
ALLDIGI,19.16,19.08
IIFL,46.57,14.62
SHOPERSTOP,273.93,247.16
WELCORP,15.03,20.99
SSWL,15.04,15.04
CYBERMEDIA,,39.28
SURYALAXMI,23.03,24.99
JKPAPER,16.96,16.96
PRIMESECU,25.71,25.71
GRANULES,29.34,29.46
JSWHL,128.63,128.63
VHL,693.45,693.45
GEOJITFSL,15.11,15.11
GENUSPOWER,23.77,23.77
YESBANK,24.70,24.70
SPLIL,13.22,13.22
GOLDIAM,32.16,32.16
RML,85.49,48.81
HTMEDIA,13.56,11.39
SASKEN,41.70,41.70
FCSSOFT,116.88,116.92
IMPAL,15.53,15.12
SUZLON,34.02,34.02
AURIONPRO,31.30,31.30
BASML,18.19,18.19
TRIVENI,39.32,39.32
AIAENG,32.68,32.68
NAHARINDUS,21.85,20.38
ORIENTCER,43.59,43.59
EKC,10.64,11.16
VIMTALABS,37.53,37.53
KERNEX,32.43,32.43
NITINSPIN,10.32,10.32
ROHLTD,23.33,23.33
ENIL,43.85,43.85
GSPL,9.73,9.73
JAGRAN,12.70,12.70
SAKUMA,31.28,31.28
KEC,30.85,30.85
JKCEMENT,42.75,47.21
INDOTECH,21.57,21.57
M&MFIN,21.96,21.96
BLKASHYAP,64.83,152.35
CENTURYPLY,91.18,91.18
KEI,52.92,52.92
VAKRANGEE,111.88,111.88
SOLARINDS,79.99,80.00
GALLANTT,27.55,27.55
UTTAMSUGAR,10.34,10.34
KKCL,19.66,19.66
SUNTV,12.92,12.60
GPIL,21.86,21.87
RSYSTEMS,25.73,25.73
EMKAY,13.85,13.85
BALPHARMA,16.33,16.33
SWELECTES,32.60,32.60
KAMDHENU,9.85,9.85
RATNAMANI,28.77,28.77
PIONEEREMB,16.14,82.28
JKLAKSHMI,24.56,24.56
PFOCUS,,81.66
ALLCARGO,,28.76
MUNJALAU,16.32,19.23
EMAMILTD,28.33,28.33
TECHM,34.26,34.29
GRINDWELL,46.44,46.44
VOLTAMP,35.15,35.15
ATLANTAA,24.40,24.40
ANTELOPUS,21.28,21.28
ACE,26.69,26.69
ANANTRAJ,41.41,41.41
HGM,17.13,17.13
TALBROAUTO,22.26,22.26
ALICON,36.96,35.39
GEECEE,18.17,18.17
JMFINANCIL,12.94,12.94
FIEMIND,28.23,28.60
DCBBANK,8.38,8.38
INSPIRISYS,11.77,11.77
NAUKRI,57.56,62.99
VGL,22.32,22.32
GESHIP,7.79,7.79
TORNTPOWER,22.91,22.91
MANALIPETC,33.46,30.80
LTFOODS,22.91,22.91
DONEAR,15.58,15.58
RUCHIRA,6.78,6.78
SOBHA,151.05,151.05
VENUSREM,19.09,21.94
JINDRILL,8.39,8.39
HIRECT,57.78,57.78
NFL,49.50,49.50
PLASTIBLEN,13.34,13.34
PARACABLES,13.43,13.43
HBLENGINE,64.47,63.88
TANLA,15.10,15.10
AVTNPL,18.93,18.93
VEEDOL,18.66,18.06
LUMAXTECH,40.79,40.79
SARLAPOLY,10.41,10.41
PTL,12.88,12.88
WANBURY,18.68,18.68
AUTOIND,26.73,33.30
GANDHITUBE,13.85,13.85
PITTIENG,24.04,24.04
UNOMINDA,77.66,78.17
IZMO,24.79,23.79
HUBTOWN,25.96,25.96
TIIL,18.86,18.86
ORIENTBELL,100.90,100.90
PGIL,32.07,31.88
REDINGTON,11.65,16.19
FSL,37.54,37.96
PFC,3.43,3.43
SMSPHARMA,41.64,41.64
INDIANB,9.67,9.23
ORIENTALTL,6.97,14.38
PAGEIND,52.59,52.59
LAOPALA,23.01,23.01
JKTYRE,27.75,26.89
ASTRAL,80.21,80.21
EMBDL,2141.05,291.53
NAHARSPING,32.68,32.68
NAHARPOLY,13.17,13.17
NCLIND,27.68,23.32
BALAMINES,23.66,23.66
BANSWRAS,21.66,21.66
ICRA,32.58,32.58
PHOENIXLTD,48.70,49.15
NDLVENTURE,451.79,451.79
ZENITHSTL,30.80,30.80
BFUTILITIE,13.99,13.99
FORTIS,74.02,69.17
SRHHYPOLTD,9.71,9.11
WEBELSOLAR,17.48,17.48
TGBHOTELS,14.48,14.48
HILTON,16.10,16.10
INSECTICID,13.46,13.48
KMSUGAR,5.86,5.86
NAVINFLUOR,85.41,85.41
TIMETECHNO,22.32,22.32
NAGREEKEXP,30.40,30.40
NELCAST,21.98,22.72
V2RETAIL,98.85,98.85
DLF,61.77,81.43
TARMAT,62.45,62.45
MEGASOFT,9.09,9.09
ADSL,23.88,23.88
ALPA,6.15,6.15
CENTRALBK,7.76,7.87
ASIANTILES,54.30,54.30
TAKE,199.06,199.06
KPRMILL,40.01,40.01
CIEINDIA,18.94,18.94
MOTILALOFS,18.02,18.02
INDOWIND,118.12,118.12
NAGREEKCAP,1.99,1.99
MAGNUM,37.11,32.11
KSCL,15.60,15.60
CENTUM,510.21,152.00
POWERGRID,15.55,15.55
CCCL,5.48,
MAANALU,56.82,56.82
DELTACORP,6.89,19.62
BAJAJELEC,51.68,58.38
CERA,28.21,28.08
RELIGARE,44.77,44.77
BVCL,27.72,27.72
ADANIPORTS,29.49,29.26
EDELWEISS,17.97,17.97
RGL,20.86,18.29
KOLTEPATIL,40.52,40.52
KAUSHALYA,141.88,141.88
COLPAL,40.74,40.74
JYOTHYLAB,28.89,28.59
KALYANIFRG,25.76,25.76
HITECHCORP,29.42,26.44
ECLERX,37.22,37.22
TARIL,32.27,32.56
BRIGADE,27.73,27.73
MANAKSIA,7.15,6.97
DVL,270.76,270.76
PATINTLOG,12.33,12.33
PPAP,91.97,91.97
ARIES,11.62,11.62
AMBIKCO,11.85,11.85
CEATLTD,36.30,33.62
BIRLAMONEY,11.21,11.21
RPOWER,4.78,
JKIL,10.24,10.24
CORDSCABLE,15.44,15.44
KNRCON,4.19,4.09
HERCULES,93.09,93.09
ONMOBILE,,772.48
SEPC,57.39,40.50
BANG,17.02,17.02
IRB,3.74,29.02
NMDC,10.36,10.36
NAHARCAP,25.88,25.88
RECLTD,5.21,5.21
VGUARD,49.90,49.90
NESCO,21.44,21.44
DPSCLTD,138.09,138.09
TITAGARH,38.61,38.61
BAJAJFINSV,17.31,17.31
BAJAJ-AUTO,29.19,29.19
DIGISPICE,,41.04
GOKUL,24.35,24.35
RPGLIFE,21.43,41.27
ALMONDZ,29.23,29.23
LOTUSEYE,419.11,425.00
VINYLINDIA,20.38,20.38
UBL,94.15,91.37
ZFCVINDIA,57.67,57.67
20MICRONS,10.93,10.77
JOCIL,110.24,110.24
COUNCODOS,83.29,83.29
TPHQ,21.14,21.14
MAWANASUG,3.22,7.27
AJMERA,27.16,27.16
MHRIL,47.86,47.86
VINATIORGA,38.18,38.18
EXCEL,1134.14,1134.14
ADANIPOWER,22.71,22.71
NHPC,21.96,21.96
GLOBUSSPR,106.99,106.99
OIL,9.92,9.92
EXPLEOSOL,16.00,16.00
RTNPOWER,43.59,43.59
AMRUTANJAN,35.91,35.91
SUNTECK,36.32,36.32
ZYDUSWELL,41.51,42.28
DEN,7.08,7.08
SHILPAMED,57.90,55.34
SARDAEN,19.59,19.58
REFEX,25.69,25.72
GILLANDERS,7.10,10.66
AHLUCONT,28.88,28.89
DLINKINDIA,14.17,14.17
JSWENERGY,36.71,36.71
GODREJPROP,40.72,39.28
DBCORP,13.67,13.67
HINDCOPPER,72.92,72.92
BEARDSELL,11.13,11.13
MMTC,108.67,172.49
NESTLEIND,75.72,79.13
TRF,13.79,13.79
WHIRLPOOL,32.24,32.74
UNITEDTEA,12.10,12.10
JUBLFOOD,136.83,135.79
VASCONEQ,7.46,13.26
THANGAMAYL,95.52,95.52
EMMBI,31.09,31.09
HATHWAY,24.52,24.32
TEXMOPIPES,8.40,8.40
MANINFRA,16.36,16.36
LGBBROSLTD,19.43,20.70
PERSISTENT,65.26,65.26
ASIANHOTNR,3.18,
ISFT,11.64,11.64
KIRLOSBROS,32.43,31.95
TARAPUR,34.71,
KSL,12.07,12.07
SJVN,40.66,40.66
KIRLOSIND,10.30,10.65
MANAPPURAM,31.07,31.07
UMESLTD,40.89,40.89
TI,33.29,33.29
HMVL,5.86,5.86
IMFA,20.80,20.80
BLISSGVS,13.61,13.61
AHLEAST,20.31,20.31
IITL,49.01,49.01
BAJAJCON,26.25,26.38
PRAKASHSTL,43.99,43.99
GPPL,24.67,24.67
ADFFOODS,32.83,32.83
WELINV,147.00,147.00
WAAREEINDO,9.51,9.51
KILITCH,21.70,21.70
DEEPAKNTR,35.95,35.95
SASTASUNDR,,20.50
CPCAP,4.73,4.73
GREENPOWER,24.53,25.95
RAMKY,17.50,17.50
CANTABIL,27.42,27.42
WABAG,26.87,26.81
ASHOKA,2.66,2.66
BEDMUTHA,29.88,29.88
JWL,32.93,32.93
OBEROIRLTY,28.55,28.55
PRESTIGE,103.63,103.63
SHAH,36.49,36.49
CGCL,29.76,29.76
RESPONIND,26.26,26.26
COALINDIA,7.28,7.28
IOLCP,22.50,22.50
GRAVITA,40.09,40.09
JINDWORLD,38.58,38.58
PENIND,21.14,21.14
RPPINFRA,8.10,8.10
JAMNAAUTO,28.47,28.47
SUMEETINDS,8.02,56.57
MOIL,23.28,23.28
ZEELEARN,20.67,10.98
A2ZINFRA,112.89,61.52
KIRLOSENG,41.06,43.25
RKDL,454.19,454.19
PSB,17.28,17.28
FMNL,,32.04
SHEKHAWATI,9.92,9.92
BFINVEST,62.22,62.22
KICL,33.40,42.74
SUMMITSEC,24.99,24.99
STEL,64.11,64.11
TEXRAIL,25.82,25.82
HFCL,284.26,285.96
DHUNINV,169.99,184.42
LOVABLE,44.34,40.42
PFS,6.82,6.82
MUTHOOTFIN,24.66,24.66
VADILALIND,25.66,25.66
SYMPHONY,36.02,27.35
PIIND,30.28,30.28
RELAXO,57.12,57.12
OMINFRAL,42.07,42.07
VSTTILLERS,43.38,43.14
ESTER,45.74,44.82
DELPHIFX,232.26,29.55
KARMAENG,47.53,96.30
ASHIANA,80.55,71.04
DHANUKA,17.49,17.49
MAITHANALL,3.80,3.80
RUSHIL,32.21,35.24
INVENTURE,87.35,95.00
LTF,28.41,28.41
BODALCHEM,22.35,21.43
ASAHISONG,22.64,22.64
FILATEX,15.72,15.72
BROOKS,48.42,48.42
TDPOWERSYS,59.15,59.15
APLLTD,27.70,28.17
VASWANI,17.18,13.89
PGEL,58.91,58.91
PANAMAPET,9.22,9.22
PAISALO,16.08,16.13
SHAKTIPUMP,21.16,21.16
TRITURBINE,48.81,48.81
INDOTHAI,407.16,407.16
ESSARSHPNG,0.79,4.12
DSSL,16.48,16.48
JISLDVREQS,1.99,1.99
POLYMED,53.28,53.28
RUPA,16.42,16.16
VIKASECO,16.77,16.77
APLAPOLLO,61.16,61.16
KANANIIND,40.70,40.70
MINDACORP,62.22,62.22
THOMASCOTT,36.12,36.12
DBSTOCKBRO,18.10,18.10
IRFC,21.76,21.76
COMPUSOFT,36.12,36.12
RHIM,55.23,55.23
SCHNEIDER,63.42,66.87
NDL,11.43,11.43
NBCC,50.54,45.04
TBZ,14.42,14.42
VSSL,32.95,32.95
SWANCORP,23.52,23.39
SPECIALITY,28.39,28.39
CINELINE,,21.63
SAMPANN,20.86,
THEJO,33.17,33.17
KITEX,28.91,28.91
MAYURUNIQ,13.80,13.80
ROSSELLIND,9.45,9.40
DUCON,8.22,8.22
TVSHLTD,10.77,10.77
ZUARI,11.38,11.38
VETO,10.31,10.31
CARERATING,31.53,31.53
PCJEWELLER,13.00,13.00
INDUSTOWER,11.03,11.03
VMART,89.55,162.50
REPCOHOME,5.53,5.53
NIBL,3.31,
JUSTDIAL,9.97,9.97
ATULAUTO,60.74,60.74
ORIENTCEM,12.75,12.75
ESSENTIA,81.15,81.16
PILITA,46.10,46.10
MITCON,21.93,21.93
ORBTEXP,12.03,12.03
JPOLYINVST,20.46,20.46
SREEL,24.07,24.07
NATHBIOGEN,6.86,7.27
CASTROLIND,18.91,18.91
SDBL,20.65,20.65
IREDA,23.64,23.64
BUTTERFLY,31.29,31.29
WONDERLA,33.87,33.87
AGARIND,11.63,11.63
HATSUN,77.47,77.47
CAPLIPOINT,25.45,25.45
GOCLCORP,8.79,9.31
GULFOILLUB,16.07,16.07
SNOWMAN,103.70,103.70
SHARDACROP,19.69,19.69
SUPERHOUSE,108.02,108.02
CIGNITITEC,19.37,19.37
PDSL,21.60,21.60
INTELLECT,39.97,39.99
MONTECARLO,18.60,18.60
GOODLUCK,20.58,20.58
FCL,26.34,26.34
CAMLINFINE,,44.77
GULPOLY,29.67,29.67
APOLSINHOT,30.75,30.75
CCHHL,51.39,51.39
LAMBODHARA,18.04,18.04
GRPLTD,33.01,33.01
GENUSPAPER,121.97,121.97
MOLDTKPAC,28.48,28.75
GREENLAM,199.27,199.27
VISHNU,27.05,27.05
GANECOS,26.83,26.83
LINC,18.02,18.02
MENONBE,21.48,21.48
HESTERBIO,39.62,39.62
JMA,6.77,6.77
MANAKALUCO,22.16,22.16
MANAKSTEEL,25.73,25.32
MANAKCOAT,52.89,54.66
ZENTEC,45.02,45.02
IMAGICAA,48.28,48.53
INOXWIND,44.44,43.25
LFIC,20.74,20.74
BYKE,59.12,59.12
AVANTIFEED,19.26,19.26
VRLLOG,21.16,21.16
PRIVISCL,55.90,55.90
BCG,2.86,2.86
UFO,17.61,17.98
TPLPLASTEH,21.77,21.77
NILAINFRA,13.77,13.77
ARROWGREEN,14.55,14.55
PNCINFRA,9.52,15.85
SKIPPER,30.89,30.89
ALANKIT,14.30,12.41
ORICONENT,46.92,69.40
ADANIENSOL,44.75,44.75
SYNGENE,51.36,51.36
AYMSYNTEX,166.56,166.56
EMKAYTOOLS,2.74,2.74
RAMASTEEL,76.32,76.32
PKTEA,48.07,48.07
MUTHOOTCAP,14.78,14.78
SATIN,12.25,12.25
ARVSMART,21.77,21.77
POWERMECH,19.76,19.76
SHARDAMOTR,16.10,17.00
SHREEPUSHK,17.91,17.91
GUJGASLTD,23.27,23.27
SADBHIN,17.03,1.67
IDFCFIRSTB,55.45,55.45
INDIGO,28.71,28.71
SHK,12.29,17.37
PERFECT,8.10,8.10
BALAXI,8.43,8.43
LUXIND,21.81,21.81
TTKHLTCARE,23.42,21.89
SALZERELEC,17.05,17.05
PILANIINVS,46.51,46.51
KRIDHANINF,0.57,75.04
LINCOLN,11.06,11.06
LALPATHLAB,45.51,45.51
ALKEM,28.83,28.96
NH,48.86,48.42
PRECAM,23.15,43.75
TEAMLEASE,23.21,23.21
HITECH,24.64,24.64
VIDHIING,35.10,35.10
BHAGERIA,17.63,17.63
NECCLTD,22.27,22.27
KELLTONTEC,11.42,11.42
SEQUENT,131.70,129.85
GOKULAGRO,21.27,21.27
SIMBHALS,1.95,1.95
KDDL,19.65,19.62
PDMJEPAPER,8.74,8.74
HCG,251.17,251.17
HECPROJECT,13.82,13.82
WEALTH,29.22,28.33
BHARATWIRE,17.15,17.15
INFIBEAM,20.85,21.25
THYROCARE,55.51,55.51
CROMPTON,29.95,29.95
SAGARDEEP,21.50,21.50
PARAGMILK,32.02,32.02
SHRIPISTON,25.08,25.08
UNITEDPOLY,35.92,35.92
ARMANFIN,267.39,267.39
ALBERTDAVD,67.83,67.83
BLS,21.41,21.41
ASPINWALL,23.69,23.69
SALONA,58.66,58.66
PREMEXPLN,69.41,64.01
CONTROLPR,11.88,12.21
INCREDIBLE,13.13,13.13
DAMODARIND,9.03,9.03
MGL,10.31,10.31
MOLDTECH,60.18,60.18
POKARNA,14.46,14.46
COMPINFO,0.43,0.43
VIJIFIN,2638.89,2638.89
GPTINFRA,15.75,15.75
QUESS,22.77,9.67
GROBTEA,18.57,18.57
SOMICONVEY,24.39,24.39
LLOYDSENGG,60.96,60.96
LTIM,39.26,39.26
GATECH,8.33,8.33
MINDTECK,20.61,20.61
ADVENZYMES,24.36,24.36
DBL,7.82,12.54
SPAL,18.13,18.03
NDGL,16.18,15.83
RBLBANK,31.58,31.58
MBAPL,38.70,38.70
CUPID,242.06,242.06
LTTS,37.53,37.53
GNA,12.95,12.95
CROWN,14.04,14.15
ICICIPRULI,72.31,72.31
MARATHON,20.50,20.50
HPL,25.74,25.74
JAIPURKURT,16.52,16.52
MASKINVEST,17733.74,17733.74
GRETEX,193.07,193.07
SAKAR,47.29,47.17
ALCODIS,12.34,12.34
PANSARI,99.24,99.24
ARTNIRMAN,82.81,82.81
ENDURANCE,42.93,43.45
GICL,111.54,111.56
NIRAJISPAT,8.34,8.34
MAZDA,15.70,15.70
PNBHOUSING,11.45,11.45
VBL,55.22,55.22
KINGFA,46.01,46.01
AGROPHOS,7.88,7.88
PODDARMENT,14.96,14.96
NBIFIN,56.69,56.69
JETFREIGHT,18.33,18.33
SFL,114.12,114.09
HEADSUP,4.31,4.31
TCIEXP,27.02,27.02
LAURUSLABS,108.33,108.33
TERASOFT,53.67,52.30
ITDC,57.95,57.95
HISARMETAL,31.36,31.36
RHFL,6.00,50.29
LIBAS,,16.26
PROLIFE,6.66,6.66
SPCENET,25.99,25.99
MAHESHWARI,7.36,7.36
BHANDARI,12.18,12.18
BSE,71.17,71.17
MCL,29.40,29.40
PRICOLLTD,46.32,46.32
STEELCITY,8.55,8.55
KRISHANA,31.76,31.76
GLOBAL,19.46,19.46
NITIRAJ,30.92,30.92
SANGINITA,63.39,63.39
AKASH,58.21,58.21
DMART,91.99,91.99
TASTYBITE,54.96,54.96
INTENTECH,22.46,22.46
AIRAN,969.11,969.11
AKSHARCHEM,47.51,47.51
ARIHANTSUP,19.66,19.66
URJA,218.45,218.45
LAXMICOT,6.19,
EIFFL,107.65,107.65
NRAIL,26.58,26.58
SHANKARA,2.83,2.83
CNL,20.66,20.66
WIPL,43.45,43.45
FOCUS,61.49,61.49
DEVIT,15.15,15.15
SIKKO,48.04,48.04
MKPL,24.24,24.24
DOLLAR,21.25,21.56
PANACHE,82.07,82.07
INFOBEAN,33.70,33.17
SCHAND,11.66,11.66
BHAGYANGR,21.10,21.10
PSPPROJECT,143.01,143.01
STARCEMENT,37.87,37.87
GLOBE,13.43,13.43
TEJASNET,45.83,45.83
ERIS,52.01,52.01
CDSL,62.65,62.65
GTPL,27.79,27.88
AUBANK,33.85,33.85
DYNPRO,19.51,19.51
STEELXIND,29.53,29.53
SALASAR,61.98,74.32
UNIVASTU,14.04,14.04
AVADHSUGAR,11.12,11.12
MAGADSUGAR,7.19,7.19
GANGESSECU,24.76,24.76
THEINVEST,17.45,17.45
TOTAL,10.63,10.63
OPTIEMUS,73.76,73.76
WEWIN,28.98,28.98
SIS,332.34,332.34
COCHINSHIP,47.01,47.01
HALEOSLABS,24.48,24.48
VAISHALI,261.51,261.51
GEEKAYWIRE,9.94,9.94
SERVOTECH,53.29,53.29
ABCAPITAL,29.91,29.91
APEX,103.72,103.72
BRNL,1.19,1.19
MANAV,11.82,11.82
DIXON,59.40,84.27
DCAL,39.86,34.38
LASA,,14.87
MATRIMONY,27.92,27.92
CHOLAHLDNG,7.06,7.06
CAPACITE,12.21,12.21
ICICIGI,48.94,48.94
WORTHPERI,12.37,12.37
SBILIFE,81.01,81.01
DPWIRES,15.92,15.92
AARVI,15.84,15.84
AIROLAM,83.13,83.13
RKEC,7.60,7.60
GATECHDVR,1.30,1.30
JASH,33.18,33.12
RELIABLE,14.16,14.16
TIRUPATIFL,58.97,58.97
OMFURN,16.95,16.95
GODREJAGRO,29.78,29.78
TCPLPACK,20.02,20.02
MASFIN,17.43,17.43
IEX,28.70,28.70
DPABHUSHAN,26.04,26.04
GICRE,8.65,8.65
TIINDIA,48.59,48.33
NAM-INDIA,40.84,40.84
NIACL,23.11,23.11
IFGLEXPOR,50.20,50.20
KHADIM,31.13,31.13
5PAISA,16.07,16.07
HDFCLIFE,86.38,86.38
AISL,10.42,10.42
VERTOZ,23.92,23.92
PULZ,,477.05
SILVERTUC,46.22,46.22
ZODIAC,22.61,22.61
FELIX,28.38,28.38
ICEMAKE,68.72,68.72
DNAMEDIA,4.97,4.97
SHRADHA,14.14,14.14
INNOVANA,25.03,25.03
TOUCHWOOD,18.43,18.43
ONEPOINT,39.76,39.76
SMVD,0.71,
SHIVATEX,18.03,18.03
AJOONI,20.32,20.32
MOKSH,15.58,15.58
BCONCEPTS,161.72,161.72
APOLLO,114.37,114.37
NEWGEN,37.44,37.44
AMBER,73.79,73.79
GALAXYSURF,23.12,23.12
AMJUMBO,49.94,49.94
SINTERCOM,333.82,333.82
MHHL,11.71,11.71
SOUTHWEST,35.63,36.18
ARVEE,168.80,168.80
ASTERDM,84.93,76.39
GMMPFAUDLR,119.43,52.16
HGINFRA,11.11,11.38
HINDCON,37.01,37.01
SARVESHWAR,17.31,17.31
MACPOWER,37.20,36.40
TARACHAND,21.88,21.88
BDL,86.57,86.57
TSFINV,135.16,135.16
BANDHANBNK,11.60,11.60
HAL,34.21,34.23
URAVIDEF,99.74,99.74
MITTAL,40.80,40.80
SANDHAR,23.44,25.00
GIRIRAJ,25.62,25.62
KAPSTON,29.19,29.19
MIDHANI,46.38,46.38
CONTI,14.86,50.51
LEMONTREE,46.22,46.22
AVG,13.93,13.93
MMP,39.98,19.09
NARMADA,19.63,19.63
PIGL,18.43,18.43
CHEMFAB,,108.29
BSHSL,38.85,38.85
MAHICKRA,50.33,50.33
AAKASH,76.25,76.25
AURIGROW,17.13,17.13
SOFTTECH,235.63,235.63
ORIENTELEC,44.28,44.28
E2E,117.39,117.39
INDOSTAR,80.09,80.09
SIRCA,51.41,51.41
SVLL,254.25,254.25
SONAMLTD,25.42,25.42
ADANIGREEN,92.63,81.31
OSWALSEEDS,9.05,9.05
PRITI,21.73,21.73
ACCURACY,32.24,32.24
SOLARA,86.58,86.58
GAYAHWS,2.20,2.20
FINEORG,31.67,32.08
RITES,25.99,26.04
VARROC,68.43,41.35
GANGAFORGE,483.15,300.17
REPL,16.17,16.17
AVROIND,44.10,42.70
HDFCAMC,41.78,41.78
TEMBO,16.32,16.42
CREDITACC,105.46,105.46
AARON,50.73,50.73
SIGIND,10.14,9.14
SUMIT,23.64,23.64
LAGNAM,9.33,9.33
RPPL,8.54,8.54
AKG,60.16,60.16
IRCON,23.78,23.78
AHLADA,26.75,26.75
AAVAS,19.85,19.85
GRSE,45.69,45.69
KRITIKA,20.65,20.65
SILGO,39.31,39.31
VINNY,11.28,11.28
MARINE,65.65,65.65
IRISDOREME,49.53,49.53
ATGL,102.56,102.56
TECHNOE,28.78,28.78
SHUBHLAXMI,42.21,42.21
DRSDILIP,16.16,16.16
UNIPARTS,22.59,22.59
SHRIRAMPPS,25.71,25.71
TREJHARA,184.38,184.38
NILASPACES,34.56,34.56
AWHCL,12.08,15.18
DALBHARAT,40.99,41.68
RPSGVENT,31.43,7.52
SURANI,192.59,28.64
CHALET,66.51,66.51
MSTCLTD,7.93,14.71
OSIAHYPER,13.71,13.71
ANUP,36.17,36.17
ARVINDFASN,148.03,148.03
PAR,8.62,8.62
KHFM,40.76,40.76
RVNL,58.85,58.85
POLYCAB,47.50,47.50
METROPOLIS,64.18,64.18
KPITTECH,39.61,39.61
SWSOLAR,40.01,40.01
NEOGEN,85.45,143.65
EMAMIPAP,27.29,27.29
VCL,34.17,34.17
CONFIPET,12.16,12.26
PPL,8.45,8.45
DGCONTENT,8.71,8.71
INDIAMART,20.93,20.93
ATMASTCO,18.13,18.13
ABINFRA,58.48,57.02
OAL,41.79,41.79
DCMNVL,21.31,206.64
SATIA,6.66,6.66
WEL,115.13,115.13
AFFLE,58.85,58.85
CHEMCON,28.46,28.46
WESTLIFE,819.94,819.94
DOLATALGO,8.01,8.01
HNDFDS,55.18,55.18
UJJIVANSFB,19.94,19.94
MAZDOCK,46.81,46.81
IRCTC,39.83,40.74
SAFARI,73.21,73.21
DCI,25.67,25.67
360ONE,43.19,43.19
IIFLCAPS,13.73,13.73
HPIL,106.57,106.57
SAMHI,37.67,31.71
FLUOROCHEM,62.47,62.47
GREENPANEL,131.31,131.31
KUANTUM,8.94,8.94
APOLLOPIPE,44.81,44.81
CHEMBOND,6.41,6.64
MGEL,20.76,18.90
ROUTE,13.76,13.20
SBICARD,42.28,42.28
HOMEFIRST,29.17,29.17
SIGMA,25.29,25.29
CSBBANK,11.35,11.35
ASCOM,27.27,27.22
EASEMYTRIP,36.65,36.65
ROSSARI,23.50,23.50
HINDWAREAP,,321.08
PRINCEPIPE,117.69,117.69
LIKHITHA,10.84,10.84
PARKHOTELS,28.73,28.57
ARTEMISMED,50.63,50.63
PATANJALI,48.56,48.56
SUMICHEM,40.15,40.15
LGHL,120.56,120.44
ATALREAL,70.19,70.19
ASALCBR,20.66,20.66
MAHEPC,32.04,32.04
UNIVPHOTO,7.33,7.33
COHANCE,80.32,78.51
POWERINDIA,168.97,168.97
STOVEKRAFT,47.34,47.34
BHARTIHEXA,64.12,61.31
KSOLVES,21.01,21.01
RAJRATAN,39.60,39.60
HAPPSTMNDS,38.62,37.16
AARTISURF,22.15,31.85
GLAND,35.35,35.35
BOROLTD,43.52,43.52
NDRAUTO,42.67,42.67
MAXHEALTH,87.40,83.62
PAVNAIND,87.38,51.03
AAATECH,36.14,36.14
KALYANKJIL,61.24,61.24
BTML,21.19,21.19
SHAREINDIA,12.38,12.38
UNIDT,30.30,30.30
SIGACHI,,16.71
ANGELONE,22.89,22.89
ADL,332.23,
NIRAJ,14.37,14.50
VALIANTORG,137.22,137.22
CAMS,38.99,38.99
SURYODAY,17.92,17.92
ROML,15.09,15.09
UTIAMC,18.05,18.05
RAILTEL,33.27,33.10
BECTORFOOD,55.49,55.49
KHAICHEM,19.50,19.50
ORCHPHARMA,50.43,50.43
INDIGOPNTS,40.35,40.35
LXCHEM,47.72,47.72
MTARTECH,120.37,120.37
FAIRCHEMOR,94.82,94.82
ANURAS,76.80,76.80
KANPRPLA,22.94,22.08
ISGEC,21.21,21.21
RUBFILA,13.67,13.67
STYLAMIND,30.87,30.87
PAKKA,10.74,10.74
CLSEL,12.86,12.86
PARTYCRUS,47.00,47.00
CARYSIL,35.05,35.05
MANCREDIT,29.23,28.71
SHAILY,93.68,93.68
MODISONLTD,15.64,16.34
FIBERWEB,5.94,5.94
BCLIND,8.29,8.29
BHAGCHEM,243.74,243.74
SBCL,44.01,44.01
AADHARHFC,21.82,21.82
SMCGLOBAL,14.42,14.42
QMSMEDI,12.75,12.75
ARIHANTCAP,19.55,20.39
SIDDHIKA,15.92,15.92
NAZARA,77.54,77.54
IPL,19.37,19.37
GENCON,20.98,20.98
LODHA,35.81,35.81
HLEGLAS,42.33,42.33
BESTAGRO,13.74,13.74
VMARCIND,44.45,44.45
SONACOMS,52.54,50.62
DRCSYSTEMS,16.07,16.07
PARAS,82.15,82.15
CRAFTSMAN,79.70,72.37
DODLA,28.45,28.45
EXXARO,71.70,93.78
JUBLINGREA,39.68,39.66
ROLEXRINGS,20.24,19.00
WALPAR,14.98,14.98
SHYAMMETL,24.31,24.31
KIMS,63.86,65.14
JSFB,10.48,10.48
TATVA,454.96,454.96
CLEAN,35.27,35.27
AILIMITED,23.48,23.48
ALIVUS,21.97,21.97
ABSLAMC,22.96,22.96
DEEPINDS,,14.45
ETERNAL,918.07,918.07
BEWLTD,13.18,13.18
PIXTRANS,17.48,17.48
MEDIASSIST,35.24,35.24
WINDLAS,24.26,24.26
CARTRADE,76.93,76.93
KRSNAA,29.13,29.13
EQUIPPP,229.81,229.81
APTUS,17.86,17.86
SUPRIYA,33.26,33.26
ANMOL,9.02,9.02
BMETRICS,12.18,12.18
VIJAYA,66.60,66.24
ACUTAAS,71.71,71.71
MOL,84.11,84.11
SUYOG,17.97,17.97
SANSERA,45.22,45.22
BAJAJHCARE,26.91,26.91
PRITIKAUTO,8.60,8.60
NIVABUPA,98.08,98.08
AAREYDRUGS,46.42,46.42
GRINFRA,9.13,9.39
INTLCONV,5.14,5.14
DUGLOBAL,67.16,67.16
PAYTM,274.84,
STEELCAS,26.40,26.40
HPAL,23.01,23.01
UGROCAP,13.52,13.52
STARHEALTH,46.09,46.09
KPIGREEN,22.21,22.14
YUKEN,52.45,52.45
SGIL,47.57,47.57
ANANDRATHI,77.26,77.26
SJS,42.00,42.00
FINOPB,25.30,25.30
POLICYBZR,217.04,217.04
NYKAA,835.63,835.63
AWL,28.97,28.97
MONARCH,14.62,14.62
SAPPHIRE,1081.93,686.52
QUADPRO,19.13,19.13
PRUDENT,52.84,52.84
EPIGRAL,14.02,14.02
NUVOCO,83.54,83.54
GOCOLORS,28.34,28.34
IXIGO,148.25,149.94
CMSINFO,15.18,15.18
COASTCORP,42.88,42.88
TARSONS,44.16,44.16
MEDPLUS,53.86,53.86
TEGA,65.50,65.50
RATEGAIN,37.06,37.06
MANORG,17.86,17.86
LATENTVIEW,54.26,54.26
METROBRAND,83.84,83.84
MICEL,110.61,110.61
EMCURE,34.28,33.88
PASUPTAC,18.52,18.52
FOODSIN,12.16,12.16
PARADEEP,15.77,15.77
MAPMYINDIA,54.86,54.86
3IINFOLTD,4.67,4.67
TMB,6.67,6.67
DYNAMIC,6.66,6.67
DESTINY,74.67,74.67
MANYAVAR,36.02,36.02
GANESHBE,14.22,7.72
DMCC,23.14,23.14
KOTYARK,17.99,17.99
MEDICAMEQ,73.54,73.54
EMIL,37.37,35.69
SHIVALIK,29.47,29.47
PRECISION,36.14,36.14
WAAREEENER,36.00,35.95
DATAPATTNS,64.40,64.40
COOLCAPS,73.79,73.77
MEDANTA,57.51,55.40
AFSL,8.70,8.70
MALLCOM,11.92,11.92
NIDAN,13.92,13.92
IRIS,58.45,58.45
ASIANENE,31.74,31.74
SMLT,33.84,33.84
NRL,26.15,26.15
RADIANTCMS,13.32,13.32
GPTHEALTH,24.06,24.06
CHOICEIN,88.67,88.67
HARIOMPIPE,15.89,15.89
GRWRHITECH,25.29,25.29
CAPITALSFB,8.90,8.90
DELHIVERY,150.97,150.97
DCMSRIND,16.86,16.86
RAJRILTD,73.90,73.90
EMUDHRA,52.78,52.78
DYCL,22.28,22.28
FIVESTAR,15.98,15.98
STARTECK,22.17,20.45
SBC,81.79,81.79
DHRUV,12.39,12.39
ELDEHSG,58.32,58.32
RICHA,17.98,17.98
ELIN,24.73,24.73
ANUHPHR,24.97,24.97
SHIGAN,10.84,10.84
MADHAVBAUG,45.09,38.18
SEJALLTD,60.62,60.62
MHLXMIRU,12.91,12.91
RELCHEMQ,22.25,22.25
GATEWAY,7.68,10.28
SYRMA,64.64,64.09
ZIMLAB,36.84,36.84
JTLIND,27.69,27.69
CAMPUS,67.74,67.74
RAINBOW,51.70,51.70
TBOTEK,78.78,85.26
VENUSPIPES,27.70,27.70
AETHER,65.17,61.87
ROTO,38.67,38.67
SPRL,13.48,13.48
MEGASTAR,55.05,55.05
SANATHAN,24.71,24.71
INDOBORAX,22.31,22.31
LANDMARK,100.40,
RACE,31.36,31.53
AVONMORE,17.15,17.15
ETHOSLTD,82.33,82.33
DREAMFOLKS,8.51,8.51
MSUMI,49.90,49.90
DHARMAJ,16.05,16.05
HARSHA,37.44,38.25
OBCL,36.67,36.67
GMRP&UI,19.03,
LICI,10.97,10.97
INDOAMIN,13.20,13.20
KRISHNADEF,46.21,46.21
TVSSCS,86.56,
SWARAJ,16.64,16.64
INOXGREEN,178.96,178.96
FEDFINA,22.92,22.92
ACI,38.98,32.90
BIKAJI,95.49,95.49
RITCO,18.21,18.21
SADHNANIQ,48.11,48.11
SURAJEST,13.03,13.03
VEEKAYEM,15.57,15.57
SKP,92.11,92.11
RILINFRA,16.10,16.10
HARDWYN,60.31,60.31
CHEVIOT,10.35,10.35
MUKKA,16.92,16.92
HMAAGRO,16.64,16.64
MEDICO,39.54,39.54
CMRSL,12.53,12.53
KFINTECH,51.98,51.98
YATHARTH,45.48,45.48
DCXINDIA,43.54,43.54
YATRA,56.04,56.04
ARISTO,21.09,21.09
KAYNES,86.43,86.43
NGLFINE,39.25,39.25
JFLLIFE,9.71,9.71
SWASTIK,16.45,16.45
PLAZACABLE,52.91,52.91
SENCO,24.53,24.53
USASEEDS,18.88,18.88
QVCEL,5.27,5.27
RADHIKAJWE,13.59,13.59
SPLPETRO,34.30,34.30
RAMRAT,40.25,40.25
VIVIANA,35.99,35.97
CSLFINANCE,9.49,9.49
AGNI,77.77,77.77
GOYALALUM,83.52,83.52
RUSTOMJEE,35.55,35.55
GENSOL,1.38,1.38
SPORTKING,9.94,9.94
ALLETEC,14.40,14.40
AIIL,11.52,11.52
ABDL,71.37,71.37
MANORAMA,55.99,55.99
ISHAN,75.47,73.55
ARABIAN,8.99,8.31
INNOVACAP,30.62,30.62
GRMOVER,46.31,46.31
SYNCOMF,23.93,23.94
CEWATER,14.74,14.74
DJML,30.30,30.30
BAHETI,35.89,35.89
SULA,31.04,31.04
SIGNATURE,123.30,123.30
ANNAPURNA,22.31,24.39
KRITINUT,10.42,10.42
MEGAFLEX,37.11,37.11
KALAMANDIR,20.13,20.13
VITAL,32.66,32.66
RAMAPHO,19.05,19.05
PPLPHARMA,770.39,23308.58
AVALON,70.97,70.97
RITEZONE,9.52,9.52
CONCORDBIO,38.98,38.98
GODIGIT,69.50,69.50
GRCL,76.57,76.57
BAIDFIN,11.62,11.62
PHANTOMFX,18.25,18.25
QUICKTOUCH,10.08,10.08
AMIABLE,15.78,15.78
IPSL,35.37,35.37
KAMOPAINTS,34.56,34.56
DOLLEX,18.69,18.69
BLUEJET,25.69,25.69
MVGJL,8.78,8.78
JIWANRAM,6.50,5.22
UYFINCORP,21.27,21.27
SCPL,32.86,32.86
SUKHJITS,14.56,14.56
ARHAM,33.07,33.07
FROG,10.58,10.57
MANKIND,45.74,45.74
SKYGOLD,31.98,31.98
AEROENTER,11.65,11.64
DIVGIITTS,66.71,66.71
EIEL,18.41,18.06
PRITIKA,44.18,44.18
ANLON,38.94,38.94
MOTISONS,34.78,34.78
VERTEXPLUS,74.43,74.43
CMNL,28.98,28.98
SRIVASAVI,9.48,9.48
DIACABS,194.16,194.16
IKIO,60.07,60.07
MANOMAY,20.78,20.78
FAZE3Q,23.54,23.54
UMA,15.00,15.00
RBMINFRA,14.21,14.21
LLOYDSME,44.97,44.97
AARTIPHARM,24.68,24.68
RHL,20.12,20.12
SAHYADRI,15.97,15.97
SAHANA,21.90,21.90
NINSYS,26.36,26.36
DUCOL,76.29,76.29
HOMESFY,38.71,38.71
SBFC,30.80,30.80
SBGLP,55.36,55.36
ASMS,280.80,785.11
HYBRIDFIN,16.96,16.01
SHERA,13.13,13.13
VIAZ,27.71,27.71
LRRPL,45.87,45.87
INDGN,29.30,29.30
ZAGGLE,49.41,49.41
GANDHAR,18.10,18.10
AGARWALFT,9.45,9.45
MCON,19.34,19.34
HONASA,113.49,113.49
RISHABH,39.35,39.36
IRMENERGY,26.92,26.92
AERONEU,263.81,263.81
DENEERS,14.86,14.86
JGCHEM,20.46,20.46
QFIL,11.74,11.74
CYIENTDLM,51.39,51.39
AGUL,24.89,24.89
NIRMAN,2.14,2.14
AKI,49.85,52.58
MASTER,21.24,21.24
YCCL,14.29,14.29
RPTECH,10.49,10.59
LORDSCHLO,29.73,29.73
SYSTANGO,21.63,21.63
RATNAVEER,22.03,22.03
PATTECH,89.74,89.74
MOS,43.64,43.64
SECMARK,37.33,37.33
AUROIMPEX,10.80,10.80
SPECTSTM,28.39,28.39
ATAM,14.31,14.31
AFIL,8.34,8.34
INFOLLION,29.62,29.62
LAL,32.50,32.50
URBAN,12.26,12.26
INFINIUM,44.24,44.24
AARTECH,66.67,66.67
POCL,55.07,55.07
KRISHCA,21.20,21.20
ESFL,97.13,97.13
AATMAJ,156.51,156.51
DOLPHIN,32.80,32.80
TATATECH,38.50,38.50
REMUS,21.43,21.43
NOVAAGRI,13.58,13.58
REDTAPE,38.40,38.40
ASHOKAMET,5.52,5.52
PENTAGON,20.62,20.62
CELLPOINT,13.76,
SEL,28.47,28.47
GREENCHEF,21.53,21.53
PROV,58.68,58.68
PTCIL,426.62,421.35
KDL,7.99,7.99
NETWEB,140.17,140.17
PYRAMID,21.54,21.54
VILINBIO,123.90,123.90
AEROFLEX,49.81,49.81
EMSLIMITED,13.39,13.39
EFACTOR,21.08,21.08
GHCLTEXTIL,12.20,12.20
VPRPL,17.71,17.71
UDS,9.49,9.49
DENTALKART,58.65,58.65
CLSL,13.77,13.77
SSFL,12.26,12.26
KIRLPNU,32.87,32.43
ATL,30.22,28.22
BALUFORGE,31.53,31.53
RRKABEL,48.18,48.31
COMMITTED,31.85,31.85
JSWINFRA,35.03,35.03
JLHL,47.52,47.52
NUVAMA,25.50,25.50
DRONE,162.36,162.36
GLOBALPET,33.64,33.64
YASHO,140.68,140.68
KEL,12.94,12.94
PRAMARA,82.17,82.17
NIITMTS,29.65,28.19
VINSYS,19.10,19.10
VALIANTLAB,2779.72,2779.72
ZEAL,9.26,9.26
RACLGEAR,57.80,57.80
WCIL,21.49,21.49
ARVINDPORT,8.50,8.50
MARINETRAN,68.09,68.09
SINDHUTRAD,67.18,67.18
UNIHEALTH,33.39,33.39
ORIANA,27.38,27.38
ASKAUTOLTD,36.92,36.92
CHAVDA,13.12,13.12
ONDOOR,8.69,8.69
BAWEJA,8.69,8.69
TRANSTEEL,23.91,23.91
SANDUMA,20.05,20.05
VLEGOV,,151.90
PLADAINFO,7.49,7.49
LLOYDSENT,23.39,23.39
OLIL,83.24,83.24
RBZJEWEL,15.21,15.21
MASTERTR,11.90,11.90
KODYTECH,67.08,67.08
KARNIKA,40.44,40.44
AKANKSHA,166.66,166.66
SCML,21.01,21.01
SAAKSHI,65.03,65.03
MUFIN,106.97,106.97
MAL,9.24,9.25
HIGREEN,29.56,29.56
PLATIND,30.12,30.12
MUFTI,9.72,9.72
FLAIR,25.20,25.20
BASILIC,17.60,16.17
CELLECOR,21.39,21.39
SRGHFL,16.65,16.65
JIOFIN,147.55,150.31
MCLOUD,19.83,19.83
CPS,1416.38,1416.38
MADHUSUDAN,12.76,16.04
GOYALSALT,21.35,21.35
TICL,7.12,3.97
WOMANCART,27.58,27.58
BLSE,29.56,29.56
HOLMARC,28.74,28.74
TREL,12.19,22.42
MARCO,30.24,30.24
DIAMINESQ,132.65,132.65
VISHNUINFR,14.44,14.44
KONTOR,9.97,9.97
RKSWAMY,29.20,29.20
EPACK,50.45,50.45
HAPPYFORGE,38.03,38.03
INDIASHLTR,22.24,22.24
CELLO,34.10,34.10
CANARYS,21.08,21.08
DIGIDRIVE,15.57,15.57
DOMS,70.33,70.33
MAITREYA,80.14,80.14
LANCORHOL,98.31,98.31
AMNPLST,30.59,30.59
SARTELE,24.14,24.14
VINYAS,76.13,76.13
SAIFL,7.82,7.82
JNKINDIA,49.34,49.34
PARAGON,14.18,14.18
ARKADE,16.08,16.12
INOXINDIA,43.26,44.28
GRAPHISAD,9.28,8.98
SHEETAL,18.33,18.33
ROXHITECH,3.39,3.39
JYOTICNC,63.24,63.24
STANLEY,38.35,38.35
BAJEL,145.66,145.66
EFORCE,62.87,62.87
DEEM,13.11,13.11
APS,19.03,19.03
ENTERO,36.55,36.55
TECHLABS,46.01,46.01
SIGNPOST,31.16,31.16
ROCKINGDCE,23.85,23.85
BABAFP,12.01,12.01
SHREEOSFM,11.89,11.89
PRESSTONIC,53.52,53.52
HRHNEXT,11.24,11.28
INDOFARM,34.18,34.18
DEEDEV,27.85,27.85
MEGATHERM,19.36,19.36
OWAIS,11.11,10.33
SSDL,9.96,10.20
BRACEPORT,13.80,13.80
VR,50.79,50.39
KLL,7.03,7.03
ZENITHDRUG,11.94,11.94
SJLOGISTIC,10.43,10.43
PURVFLEXI,12.57,12.57
SRM,20.04,20.04
AZAD,103.27,103.27
PRATHAM,19.72,19.72
KONSTELEC,13.69,13.69
JUNIPER,83.83,67.07
KRYSTAL,11.35,11.35
VSTL,20.74,20.74
FONEBOX,20.55,20.55
DURLAX,8.97,8.97
INM,29.86,29.86
ITALIANE,14.74,14.74
SUPREMEPWR,25.65,25.65
KCEIL,10.64,10.64
MAXESTATES,181.04,181.04
CGRAPHICS,22.93,22.93
ACCENTMIC,25.00,25.00
COMSYN,27.77,27.77
ADDICTIVE,16.12,16.12
SADHAV,12.09,12.09
MANDEEP,16.39,16.39
WTICAB,13.67,13.67
GOPAL,,107.82
DAVANGERE,50.87,50.87
MAXPOSURE,31.61,31.61
ALPEXSOLAR,24.52,24.45
KRONOX,20.84,20.84
VHLTD,12.00,12.00
SONAMAC,16.68,16.68
SIGNORIA,14.86,14.86
KROSS,21.74,21.74
FALCONTECH,7.30,7.30
TCL,20.45,20.45
ENSER,17.58,17.58
DELAPLEX,9.94,9.94
BOSS,12.40,12.40
RULKA,19.98,19.98
DENTA,19.61,19.61
NAMAN,14.04,14.04
SINCLAIR,31.71,31.71
SHREEKARNI,23.11,23.11
BLUEPEBBLE,9.35,9.35
AIMTRON,63.46,63.46
STALLION,50.75,50.75
PSFL,13.02,13.02
DCG,35.87,35.87
AWFIS,49.85,74.88
DIFFNKG,28.05,28.07
K2INFRA,6.72,6.72
RADIOWALLA,1.22,1.10
RBS,15.72,15.72
ASPIRE,7.42,7.42
ESCONET,22.48,22.48
VRAJ,11.77,11.77
BALAJEE,10.42,10.42
ENFUSE,60.84,60.84
SANSTAR,61.00,61.00
FILATFASH,35.70,35.70
AVPINFRA,9.05,9.05
SATECH,10.10,10.10
AGARWALTUF,20.91,20.91
SILKFLEX,15.25,15.25
KRN,85.00,85.00
UNIECOM,72.35,72.35
GGBL,25.97,25.97
VISHWAS,6.09,6.09
TGL,6.41,6.41
MACOBSTECH,78.93,78.95
TAC,113.15,113.15
BANSALWIRE,31.87,31.86
EMMIL,17.54,17.54
DPEL,71.86,71.86
INDOUS,19.44,19.44
VILAS,28.13,28.13
GARUDA,26.93,26.93
MASON,24.80,24.80
TRUST,14.50,14.50
YASHOPTICS,34.09,34.09
MIEL,12.90,12.90
SATIPOLY,,2.76
ALUWIND,22.03,22.05
TBI,11.22,11.22
AMBEY,20.45,20.45
SAHAJSOLAR,12.45,12.45
REFRACTORY,21.05,21.05
PRLIND,11.55,11.51
IEML,12.73,12.73
ABSMARINE,17.84,17.84
BEACON,29.96,30.14
AKUMS,19.06,19.79
INNOMET,70.07,70.07
GALAPREC,35.16,34.89
ESPRIT,7.53,7.53
ZTECH,61.26,61.26
TOLINS,13.50,13.50
WINSOL,17.47,17.47
ORIENTTECH,26.72,26.72
MEDIORG,7.00,7.00
HOACFOODS,104.25,104.25
SLONE,17.61,17.61
GAJANAND,54.03,54.03
QUESTLAB,10.83,10.83
GPECO,49.83,49.83
CEIGALL,15.27,15.27
MANBA,16.06,16.06
SPCL,15.28,15.28
POSITRON,8.89,8.89
KATARIA,17.69,17.69
TRANSRAILL,20.85,20.88
STYLEBAAZA,117.03,117.71
INTERARCH,34.25,34.25
PCCL,50.90,50.90
SPPPOLY,20.80,20.80
BULKCORP,11.76,11.76
RNFI,40.50,40.50
PNGJL,32.26,32.26
TUNWAL,18.38,18.38
RAJINDLTD,22.70,22.70
GSMFOILS,40.49,40.49
IPHL,20.99,20.99
SFML,9.06,9.12
TECHERA,114.50,114.50
VLINFRA,6.13,6.13
SHUBHSHREE,23.48,23.48
ECOSMOBLTY,21.55,21.55
AFCONS,26.72,26.72
ETML,19.04,18.91
AVIANSH,89.88,89.88
SYLVANPLY,17.68,17.68
TROM,15.43,15.43
SURAJLTD,51.15,51.15
JAYBEE,10.78,10.78
ASHALOG,7.61,7.61
JEYYAM,13.57,13.57
SRD,33.20,33.20
PREMIERENE,39.28,39.28
DBEIL,9.49,9.49
NAMOEWASTE,48.90,48.90
DECCANTRAN,11.67,11.67
C2C,41.27,41.27
MFML,2.67,
ENVIRO,16.11,16.11
KALANA,26.85,26.85
AESTHETIK,28.97,28.97
RPEL,107.05,107.05
WOL3D,19.28,19.28
VIESL,18.09,18.09
EFFWA,26.62,26.62
AVANTEL,74.32,74.32
AGIIL,44.98,44.98
UTSSAV,20.71,20.71
VDEAL,26.35,26.35
SUNLITE,20.72,20.72
SSEGL,26.60,26.60
PPSL,5.73,5.73
NEELAM,10.19,10.19
IDEALTECHO,30.37,30.37
PRIZOR,27.58,27.58
BOROSCI,61.34,44.51
EUREKAFORB,71.80,73.12
HVAX,22.38,22.38
PRANIK,9.43,9.43
BAJAJHFL,34.82,34.82
RELTD,71.05,55.74
HYUNDAI,33.66,33.66
OSELDEVICE,46.98,46.98
LAKSHYA,8.11,8.11
PHOGLOBAL,6.61,6.56
SANOFICONR,52.87,53.43
AKIKO,35.35,35.35
SDREAMS,18.65,18.65
AERON,12.25,12.25
PELATRO,29.11,29.11
MAMATA,15.30,15.30
DIVYADHAN,25.14,25.14
XTGLOBAL,43.64,43.64
AUSL,6.88,6.88
MYMUDRA,10.29,10.29
SAGILITY,35.73,35.73
ABHAPOWER,20.48,20.48
ACMESOLAR,37.45,34.25
BLACKBUCK,,31.26
USHAFIN,17.87,17.87
SATKARTAR,40.33,40.33
PARAMOUNT,4.25,4.25
VMM,107.12,107.12
SAILIFE,91.34,91.34
RAYMONDLSL,153.88,63.74
PREMIUM,10.93,10.93
UHTL,20.77,20.77
BARFLEX,22.53,22.53
DELTIC,12.19,12.19
RAJPUTANA,30.17,29.87
KMEW,87.35,87.35
ORCHASP,21.30,21.30
SURAKSHA,44.99,44.99
OBSCP,43.48,43.48
SGLTL,56.45,56.45
FRESHARA,19.54,19.54
SENORES,66.20,66.20
OCCLLTD,13.44,13.44
APRAMEYA,38.30,38.30
APEXECO,24.82,24.82
ANYA,2965.36,2965.36
ROYALARC,29.32,27.03
ONYX,11.97,11.97
DANISH,22.43,22.43
PURPLEUTED,56.48,56.48
IKS,67.10,67.10
GANESHIN,23.93,23.93
DHANLAXMI,94.32,94.32
UNIMECH,72.99,72.99
AVL,59.54,59.54
IGIL,35.93,35.93
CARRARO,44.16,44.16
VINCOFE,46.60,46.60
IDENTICAL,22.60,22.60
REXPRO,12.87,12.87
DAMCAPITAL,24.22,24.22
GUJTHEM,353.69,353.69
RVTH,17.06,17.06
VENTIVE,71.52,70.41
ROSSTECH,156.68,156.68
KPEL,23.03,23.03
PSRAJ,64.05,64.05
KKJEWELS,11.01,11.01
LAXMIDENTL,98.50,100.93
EMAPARTNER,16.26,16.26
QPOWER,168.47,166.58
VOLERCAR,132.38,132.38
READYMIX,11.99,11.99
NTPCGREEN,151.90,151.90
NORTHARC,13.86,13.86
ODIGMA,288.77,288.77
CHAMUNDA,20.58,20.58
AGARWALEYE,144.64,141.98
KEN,15.36,15.36
CHANDAN,56.78,56.78
AJAXENGG,74.83,74.83
BAJAJINDEF,101.12,101.12
DDEVPLSTIK,19.46,19.46
ELGNZ,19.86,19.86
NIBE,160.54,160.54
TEJASCARGO,57.71,57.71
JUBLCPL,41.41,41.41
MAXVOLT,91.90,91.90
ITCHOTELS,104.40,104.40
SUPREME,112.40,112.40
PROTEAN,71.94,71.94
MOSCHIP,123.90,123.90
ONESOURCE,,179.40
